'Advisor Consultant'    -    'Advisor/Consultant'
'Advisor/Consultant'    -    'Advisor Consultant'
'Assistant Central intelligence Officer-II/Executive'    -    'Assistant Central Intelligence Officer-II/Executive'
'Assistant Central Intelligence Officer-II/Executive'    -    'Assistant Central intelligence Officer-II/Executive'
'Assistant Conservator of Forest'    -    'Assistant Conservator of Forests'
'Assistant Conservator of Forests'    -    'Assistant Conservator of Forest'
'Assistant Controller of Exam'    -    'Assistant Controller of Exams'
'Assistant Controller of Exams'    -    'Assistant Controller of Exam'
'Assistant Director'    -    'Assistant Directors'
'Assistant Director'    -    'Assistant Directors'
'Assistant Director'    -    'Assistant Directors'
'Assistant Directors'    -    'Assistant Director'
'Assistant Directors'    -    'Assistant Director'
'Assistant Directors'    -    'Assistant Director'
'Assistant Engineer (Trainee)'    -    'Assistant Engineer Trainee'
'Assistant Engineer Trainee'    -    'Assistant Engineer (Trainee)'
'Assistant Fisheries Officer'    -    'Assistant Fishery Officer'
'Assistant Fishery Officer'    -    'Assistant Fisheries Officer'
'Assistant Public Relation Officer'    -    'Assistant/ Public Relation Officer'
'Assistant Public Relation Officer'    -    'Assistant/ Public Relation Officer'
'Assistant/ Public Relation Officer'    -    'Assistant Public Relation Officer'
'Assistant/ Public Relation Officer'    -    'Assistant Public Relation Officer'
'Bank Medical Consultant'    -    'Banks Medical Consultant'
'Banks Medical Consultant'    -    'Bank Medical Consultant'
'Campus Director'    -    'Campus Directors'
'Campus Directors'    -    'Campus Director'
'Chief Human Resource Officer'    -    'Chief Human Resources Officer'
'Chief Human Resources Officer'    -    'Chief Human Resource Officer'
'Chief Storekeeper '    -    'Chief Storekeeper'
'Chief Storekeeper'    -    'Chief Storekeeper '
'Clerk (A)'    -    'Clerk A'
'Clerk (A)'    -    'Clerk-A'
'Clerk A'    -    'Clerk (A)'
'Clerk A'    -    'Clerk-A'
'Clerk-A'    -    'Clerk (A)'
'Clerk-A'    -    'Clerk A'
'Clerk-cum-Data Entry Operator'    -    'Clerk-cum-Data-Entry Operator'
'Clerk-cum-Data Entry Operator'    -    'Clerk-cum-Data-Entry Operator'
'Clerk-cum-Data Entry Operator'    -    'Clerk-cum-Data-Entry Operator'
'Clerk-cum-Data-Entry Operator'    -    'Clerk-cum-Data Entry Operator'
'Clerk-cum-Data-Entry Operator'    -    'Clerk-cum-Data Entry Operator'
'Clerk-cum-Data-Entry Operator'    -    'Clerk-cum-Data Entry Operator'
'Computer Programmer Grade B'    -    'Computer Programmer Grade-B'
'Computer Programmer Grade-B'    -    'Computer Programmer Grade B'
'Constable'    -    'Constables'
'Constables'    -    'Constable'
'Controller of Examination'    -    'Controller of Examinations'
'Controller of Examination'    -    'Controller of Examinations'
'Controller of Examination'    -    'Controller of Examinations'
'Controller of Examination'    -    'Controller of Examinations'
'Controller of Examinations'    -    'Controller of Examination'
'Controller of Examinations'    -    'Controller of Examination'
'Controller of Examinations'    -    'Controller of Examination'
'Controller of Examinations'    -    'Controller of Examination'
'Controller of Finance and Account'    -    'Controller of Finance and Accounts'
'Controller of Finance and Accounts'    -    'Controller of Finance and Account'
'Cook A'    -    'Cook-A'
'Cook Helper'    -    'Cooks/Helper'
'Cook-A'    -    'Cook A'
'Cooks/Helper'    -    'Cook Helper'
'Curator B'    -    'Curator-B'
'Curator-B'    -    'Curator B'
'Data Entry Operator B'    -    'Data Entry Operator-B'
'Data Entry Operator B'    -    'Data Entry Operator-B'
'Data Entry Operator-B'    -    'Data Entry Operator B'
'Data Entry Operator-B'    -    'Data Entry Operator B'
'Deputy Controller of Account'    -    'Deputy Controller of Accounts'
'Deputy Controller of Accounts'    -    'Deputy Controller of Account'
'Deputy Town Planner'    -    'Deputy Town planner'
'Deputy Town planner'    -    'Deputy Town Planner'
'Director Principal'    -    'Director/Principal'
'Director/Principal'    -    'Director Principal'
'District PMDT and TB HIV Coordinator'    -    'District PMDT and TB-HIV Coordinator'
'District PMDT and TB HIV Coordinator'    -    'District PMDT and TB-HIV Coordinator'
'District PMDT and TB HIV Coordinator'    -    'District PMDT and TB-HIV Coordinator'
'District PMDT and TB-HIV Coordinator'    -    'District PMDT and TB HIV Coordinator'
'District PMDT and TB-HIV Coordinator'    -    'District PMDT and TB HIV Coordinator'
'District PMDT and TB-HIV Coordinator'    -    'District PMDT and TB HIV Coordinator'
'District Programme coordinator'    -    'District Programme Coordinator'
'District Programme coordinator'    -    'District Programme Coordinator'
'District Programme Coordinator'    -    'District Programme coordinator'
'District Programme Coordinator'    -    'District Programme coordinator'
'Dredge Cadet'    -    'Dredge Cadets'
'Dredge Cadets'    -    'Dredge Cadet'
'Driver (Ordinary Grade)'    -    'Driver Ordinary Grade'
'Driver / T1'    -    'Driver/T1'
'Driver A'    -    'Driver-A'
'Driver Ordinary Grade'    -    'Driver (Ordinary Grade)'
'Driver-A'    -    'Driver A'
'Driver/T1'    -    'Driver / T1'
'Drug Inspector'    -    'Drugs Inspector'
'Drugs Inspector'    -    'Drug Inspector'
'E.C.G Technician'    -    'E.C.G. Technician'
'E.C.G. Technician'    -    'E.C.G Technician'
'Ear Mould Technician'    -    'Ear-Mould Technician'
'Ear-Mould Technician'    -    'Ear Mould Technician'
'Economic Analysis Specialist'    -    'Economics Analysis Specialist'
'Economic and Statistical Officer'    -    'Economics and Statistical Officer'
'Economics Analysis Specialist'    -    'Economic Analysis Specialist'
'Economics and Statistical Officer'    -    'Economic and Statistical Officer'
'EDP Manager'    -    'EDP ​​Manager'
'EDP ​​Manager'    -    'EDP Manager'
'Education Assistant A'    -    'Education Assistant-A'
'Education Assistant-A'    -    'Education Assistant A'
'Engineer (C)'    -    'Engineer C'
'Engineer (C)'    -    'Engineer-C'
'Engineer (C)'    -    'Engineer-C'
'Engineer C'    -    'Engineer (C)'
'Engineer C'    -    'Engineer-C'
'Engineer C'    -    'Engineer-C'
'Engineer D'    -    'Engineer-D'
'Engineer Grade II'    -    'Engineer Grade-II'
'Engineer Grade-II'    -    'Engineer Grade II'
'Engineer-C'    -    'Engineer (C)'
'Engineer-C'    -    'Engineer C'
'Engineer-C'    -    'Engineer (C)'
'Engineer-C'    -    'Engineer C'
'Engineer-D'    -    'Engineer D'
'Environmental Safeguard Officer'    -    'Environmental Safeguards Officer'
'Environmental Safeguards Officer'    -    'Environmental Safeguard Officer'
'Estate Officer'    -    'Estates Officer'
'Estates Officer'    -    'Estate Officer'
'Event Manager'    -    'Events Manager'
'Events Manager'    -    'Event Manager'
'Farm Manager / T4'    -    'Farm Manager/T4'
'Farm Manager/T4'    -    'Farm Manager / T4'
'Feed Mill Manager'    -    'Feed mill Manager'
'Feed mill Manager'    -    'Feed Mill Manager'
'Fellow E'    -    'Fellow-E'
'Fellow-E'    -    'Fellow E'
'Finance and Account'    -    'Finance and Accounts'
'Finance and Accounts'    -    'Finance and Account'
'Fireman A'    -    'Fireman-A'
'Fireman A'    -    'Fireman-A'
'Fireman-A'    -    'Fireman A'
'Fireman-A'    -    'Fireman A'
'Fisheries'    -    'Fishery'
'Fisheries Development Officer'    -    'Fishery Development Officer'
'Fisheries Field Assistant'    -    'Fishery Field Assistant'
'Fisheries Inspector'    -    'Fishery Inspector'
'Fisheries Officer'    -    'Fishery Officer'
'Fisheries Supervisor'    -    'Fishery Supervisor'
'Fishery'    -    'Fisheries'
'Fishery Development Officer'    -    'Fisheries Development Officer'
'Fishery Field Assistant'    -    'Fisheries Field Assistant'
'Fishery Inspector'    -    'Fisheries Inspector'
'Fishery Officer'    -    'Fisheries Officer'
'Fishery Supervisor'    -    'Fisheries Supervisor'
'Follow Up Counsellor'    -    'Follow-up Counsellor'
'Follow-up Counsellor'    -    'Follow Up Counsellor'
'Full Stack Developer'    -    'Full-Stack Developer'
'Full Stack Developer'    -    'Full-Stack Developer'
'Full Time Contractual Specialist'    -    'Full-Time Contractual Specialist'
'Full Time Specialist'    -    'Full-Time Specialist'
'Full Time Specialist'    -    'Full-Time Specialist'
'Full Time Specialist'    -    'Full-Time Specialist'
'full time/part time Specialist'    -    'Full Time/Part Time Specialist'
'Full Time/Part Time Specialist'    -    'full time/part time Specialist'
'Full-Stack Developer'    -    'Full Stack Developer'
'Full-Stack Developer'    -    'Full Stack Developer'
'Full-Time Contractual Specialist'    -    'Full Time Contractual Specialist'
'Full-Time Specialist'    -    'Full Time Specialist'
'Full-Time Specialist'    -    'Full Time Specialist'
'Full-Time Specialist'    -    'Full Time Specialist'
'game coach'    -    'Games Coach'
'Games Coach'    -    'game coach'
'General Duties Medical Officer'    -    'General Duty Medical Officer'
'General Duties Medical Officer'    -    'General Duty Medical Officer'
'General Duties Medical Officer'    -    'General Duty Medical Officer'
'General Duties Medical Officer'    -    'General Duty Medical Officer'
'General Duties Medical Officer'    -    'General Duty Medical Officer'
'General Duties Medical Officer'    -    'General Duty Medical Officer'
'General Duties Medical Officer'    -    'General Duty Medical Officer'
'General Duties Medical Officer'    -    'General Duty Medical Officer'
'General Duty Medical Officer'    -    'General Duties Medical Officer'
'General Duty Medical Officer'    -    'General Duties Medical Officer'
'General Duty Medical Officer'    -    'General Duties Medical Officer'
'General Duty Medical Officer'    -    'General Duties Medical Officer'
'General Duty Medical Officer'    -    'General Duties Medical Officer'
'General Duty Medical Officer'    -    'General Duties Medical Officer'
'General Duty Medical Officer'    -    'General Duties Medical Officer'
'General Duty Medical Officer'    -    'General Duties Medical Officer'
'General Employee'    -    'General Employees'
'General Employees'    -    'General Employee'
'Girl Cadet Instructor'    -    'Girls Cadet Instructor'
'Girl Cadet Instructor'    -    'Girls Cadet Instructor'
'Girls Cadet Instructor'    -    'Girl Cadet Instructor'
'Girls Cadet Instructor'    -    'Girl Cadet Instructor'
'Grant Manager'    -    'Grants Manager'
'Grants Manager'    -    'Grant Manager'
'Graphic Designer'    -    'Graphics Designer'
'Graphics Designer'    -    'Graphic Designer'
'Group D'    -    'Group-D'
'Group-D'    -    'Group D'
'Head Information Technology'    -    'Head, Information Technology'
'Head, Information Technology'    -    'Head Information Technology'
'Heavy Vehicle Driver A'    -    'Heavy Vehicle Driver-A'
'Heavy Vehicle Driver-A'    -    'Heavy Vehicle Driver A'
'Helper'    -    'Helpers'
'Helpers'    -    'Helper'
'Home Visitor Teacher'    -    'Home Visitor/ Teacher'
'Home Visitor/ Teacher'    -    'Home Visitor Teacher'
'HR/Personnel Officer (Scale I)'    -    'HR/Personnel Officer (Scale-I)'
'HR/Personnel Officer (Scale-I)'    -    'HR/Personnel Officer (Scale I)'
'Human Resource'    -    'Human Resources'
'Human Resource Executive'    -    'Human Resources Executive'
'Human Resource Officer'    -    'Human Resources Officer'
'Human Resources'    -    'Human Resource'
'Human Resources Executive'    -    'Human Resource Executive'
'Human Resources Officer'    -    'Human Resource Officer'
'In Charge'    -    'In-charge'
'In-charge'    -    'In Charge'
'Industries Extension Officer'    -    'Industry Extension Officer'
'Industry Extension Officer'    -    'Industries Extension Officer'
'Information Technology Manager'    -    'Information technology Manager'
'Information technology Manager'    -    'Information Technology Manager'
'Inspector (Storeman)'    -    'Inspector/Storeman'
'Inspector/Storeman'    -    'Inspector (Storeman)'
'Invalid Value'    -    'Invalid value'
'Invalid Value'    -    'Invalid value'
'Invalid Value'    -    'Invalid value'
'Invalid Value'    -    'Invalid value'
'Invalid value'    -    'Invalid Value'
'Invalid value'    -    'Invalid Value'
'Invalid value'    -    'Invalid Value'
'Invalid value'    -    'Invalid Value'
'Invalid value'    -    'Invalid Value'
'Invalid Value'    -    'Invalid value'
'Invalid Value'    -    'Invalid value'
'Invalid value'    -    'Invalid Value'
'Invalid value'    -    'Invalid Value'
'Invalid value'    -    'Invalid Value'
'Invalid value'    -    'Invalid Value'
'Invalid value'    -    'Invalid Value'
'Invalid Value'    -    'Invalid value'
'Invalid Value'    -    'Invalid value'
'Invalid Value'    -    'Invalid value'
'Invalid Value'    -    'Invalid value'
'IT/ GIS Officer'    -    'IT/GIS Officer'
'IT/GIS Officer'    -    'IT/ GIS Officer'
'ITI (Trade) Apprentice'    -    'ITI Trade Apprentice'
'ITI Trade Apprentice'    -    'ITI (Trade) Apprentice'
'Junior Engineer (B)'    -    'Junior Engineer-B'
'Junior Engineer (Civil)'    -    'Junior Engineer Civil'
'Junior Engineer (Trainee)'    -    'Junior Engineer Trainee'
'Junior Engineer Civil'    -    'Junior Engineer (Civil)'
'Junior Engineer Trainee'    -    'Junior Engineer (Trainee)'
'Junior Engineer-B'    -    'Junior Engineer (B)'
'Junior Fireman'    -    'Junior fireman'
'Junior fireman'    -    'Junior Fireman'
'Junior Lab Technician'    -    'Junior Lab. Technician'
'Junior Lab. Technician'    -    'Junior Lab Technician'
'Junior Mechanic'    -    'Junior Mechanics'
'Junior Mechanics'    -    'Junior Mechanic'
'Junior Storekeeper '    -    'Junior Storekeeper'
'Junior Storekeeper'    -    'Junior Storekeeper '
'Lab Assistant'    -    'Lab. Assistant'
'Lab Technician'    -    'Lab. Technician'
'Lab. Assistant'    -    'Lab Assistant'
'Lab. Technician'    -    'Lab Technician'
'Law Officer (Scale I)'    -    'Law Officer (Scale-I)'
'Law Officer (Scale-I)'    -    'Law Officer (Scale I)'
'Law Officer II'    -    'Law Officer-II'
'Law Officer-II'    -    'Law Officer II'
'Leading Fireman-A'    -    'Leading Fireman/A'
'Leading Fireman/A'    -    'Leading Fireman-A'
'Lecturer (Assistant Professor)'    -    'Lecturer/Assistant Professor'
'Lecturer (Occupational Therapy)'    -    'Lecturer Occupational Therapy'
'Lecturer Occupational Therapy'    -    'Lecturer (Occupational Therapy)'
'Lecturer Occupational Therapy'    -    'Lecturer (Occupational Therapy)'
'Lecturer (Occupational Therapy)'    -    'Lecturer Occupational Therapy'
'Lecturer/Assistant Professor'    -    'Lecturer (Assistant Professor)'
'Level 1'    -    'Level-1'
'Level 2'    -    'Level-2'
'Level-1'    -    'Level 1'
'Level-2'    -    'Level 2'
'Librarian / Documentation Officer'    -    'Librarian Documentation Officer'
'Librarian Documentation Officer'    -    'Librarian / Documentation Officer'
'Librarian Documentation Officer'    -    'Librarian / Documentation Officer'
'Librarian Grade-I'    -    'Librarian Grade-i'
'Librarian Grade-i'    -    'Librarian Grade-I'
'Librarian Grade-i'    -    'Librarian Grade-I'
'Librarian Grade-I'    -    'Librarian Grade-i'
'Librarian / Documentation Officer'    -    'Librarian Documentation Officer'
'Light Vehicle Driver A'    -    'Light Vehicle Driver-A'
'Light Vehicle Driver-A'    -    'Light Vehicle Driver A'
'Logistic Assistant'    -    'Logistics Assistant'
'Logistics Assistant'    -    'Logistic Assistant'
'M T Helper'    -    'M.T Helper'
'M T Helper Constable'    -    'M.T. Helper Constable'
'M T Storeman'    -    'M.T.Storeman'
'M.T Helper'    -    'M T Helper'
'M.T. Helper Constable'    -    'M T Helper Constable'
'M.T.Storeman'    -    'M T Storeman'
'Manager (Administration)'    -    'Manager Administration'
'Manager (Administration)'    -    'Manager/Administration'
'Manager (Procurement)'    -    'Manager Procurement'
'Manager (Works-Elect.) /Assistant Engineer(Elect.)'    -    'Manager Works (Elect.) /Assistant Engineer (Elect.)'
'Manager Administration'    -    'Manager (Administration)'
'Manager Administration'    -    'Manager/Administration'
'Manager Procurement'    -    'Manager (Procurement)'
'Manager Works (Elect.) /Assistant Engineer (Elect.)'    -    'Manager (Works-Elect.) /Assistant Engineer(Elect.)'
'Manager/Administration'    -    'Manager (Administration)'
'Manager/Administration'    -    'Manager Administration'
'Marketing Officer (Scale I)'    -    'Marketing Officer (Scale-I)'
'Marketing Officer (Scale-I)'    -    'Marketing Officer (Scale I)'
'Mediator'    -    'Mediators'
'Mediators'    -    'Mediator'
'Medical Officer (Specialist)'    -    'Medical Officer Specialist'
'Medical Officer C'    -    'Medical Officer-C'
'Medical Officer C'    -    'Medical Officer/C'
'Medical Officer D'    -    'Medical Officer-D'
'Medical Officer D'    -    'Medical Officer/D'
'Medical Officer E'    -    'Medical Officer- E'
'Medical Officer E'    -    'Medical Officer-E'
'Medical Officer E'    -    'Medical Officer-E'
'Medical Officer F'    -    'Medical Officer-F'
'Medical Officer G'    -    'Medical Officer-G'
'Medical Officer SC'    -    'Medical Officer-SC'
'Medical Officer SC'    -    'Medical Officer-SC'
'Medical Officer SD'    -    'Medical Officer-SD'
'Medical Officer SD'    -    'Medical Officer-SD'
'Medical Officer Specialist'    -    'Medical Officer (Specialist)'
'Medical Officer- E'    -    'Medical Officer E'
'Medical Officer- E'    -    'Medical Officer-E'
'Medical Officer- E'    -    'Medical Officer-E'
'Medical Officer-C'    -    'Medical Officer C'
'Medical Officer-C'    -    'Medical Officer/C'
'Medical Officer-D'    -    'Medical Officer D'
'Medical Officer-D'    -    'Medical Officer/D'
'Medical Officer-E'    -    'Medical Officer E'
'Medical Officer-E'    -    'Medical Officer- E'
'Medical Officer-E'    -    'Medical Officer E'
'Medical Officer-E'    -    'Medical Officer- E'
'Medical Officer-F'    -    'Medical Officer F'
'Medical Officer-G'    -    'Medical Officer G'
'Medical Officer-SC'    -    'Medical Officer SC'
'Medical Officer-SC'    -    'Medical Officer SC'
'Medical Officer-SD'    -    'Medical Officer SD'
'Medical Officer-SD'    -    'Medical Officer SD'
'Medical Officer/C'    -    'Medical Officer C'
'Medical Officer/C'    -    'Medical Officer-C'
'Medical Officer/D'    -    'Medical Officer D'
'Medical Officer/D'    -    'Medical Officer-D'
'Medical Record Technician'    -    'Medical Records Technician'
'Medical Records Technician'    -    'Medical Record Technician'
'Mine Foreman'    -    'Mines Foreman'
'Mine Manager'    -    'Mines Manager'
'Mine Officer'    -    'Mines Officer'
'Mines Foreman'    -    'Mine Foreman'
'Mines Manager'    -    'Mine Manager'
'Mines Officer'    -    'Mine Officer'
'Motor vehicle inspector'    -    'Motor Vehicles Inspector'
'Motor Vehicles Inspector'    -    'Motor vehicle inspector'
'MTS (Safaiwala)'    -    'MTS Safaiwala'
'MTS Safaiwala'    -    'MTS (Safaiwala)'
'Multi Rehabilitation Worker'    -    'Multi Rehabilitation worker'
'Multi Rehabilitation worker'    -    'Multi Rehabilitation Worker'
'Multi Rehabilitation worker'    -    'Multi Rehabilitation Worker'
'Multi Task Worker'    -    'Multi-Task Worker'
'Multi Rehabilitation Worker'    -    'Multi Rehabilitation worker'
'Multi-Task Worker'    -    'Multi Task Worker'
'Navigational Assistant Grade-III'    -    'Navigational Assistant Grade-iii'
'Navigational Assistant Grade-III'    -    'Navigational Assistant Grade-iii'
'Navigational Assistant Grade-iii'    -    'Navigational Assistant Grade-III'
'Navigational Assistant Grade-iii'    -    'Navigational Assistant Grade-III'
'Newsreader-cum-Translator'    -    'Newsreader-cum-translator'
'Newsreader-cum-Translator'    -    'Newsreader‐cum‐Translator'
'Newsreader-cum-Translator'    -    'Newsreader-cum-translator'
'Newsreader-cum-Translator'    -    'Newsreader‐cum‐Translator'
'Newsreader-cum-translator'    -    'Newsreader-cum-Translator'
'Newsreader-cum-translator'    -    'Newsreader-cum-Translator'
'Newsreader-cum-translator'    -    'Newsreader‐cum‐Translator'
'Newsreader‐cum‐Translator'    -    'Newsreader-cum-Translator'
'Newsreader‐cum‐Translator'    -    'Newsreader-cum-Translator'
'Newsreader‐cum‐Translator'    -    'Newsreader-cum-translator'
'Nurse A'    -    'Nurse-A'
'Nurse A'    -    'Nurse-A'
'Nurse B'    -    'Nurse-B'
'Nurse-A'    -    'Nurse A'
'Nurse-A'    -    'Nurse A'
'Nurse-B'    -    'Nurse B'
'O.T Assistant'    -    'O.T. Assistant'
'O.T. Assistant'    -    'O.T Assistant'
'Office Assistant A'    -    'Office Assistant-A'
'Office Assistant-A'    -    'Office Assistant A'
'Office Attendant /Lab Attendant'    -    'Office Attendant/Lab Attendant'
'Office Attendant/Lab Attendant'    -    'Office Attendant /Lab Attendant'
'Office Boy'    -    'Office Boys'
'Office Boys'    -    'Office Boy'
'Officer A'    -    'Officer-A'
'Officer Scale I'    -    'Officer Scale-I'
'Officer Scale III'    -    'Officer Scale-III'
'Officer Scale-I'    -    'Officer Scale I'
'Officer Scale-III'    -    'Officer Scale III'
'Officer-A'    -    'Officer A'
'Operation Manager'    -    'Operations Manager'
'Operations Manager'    -    'Operation Manager'
'Orthopaedics'    -    'Orthopaedic'
'Orthopaedics'    -    'Orthopaedic'
'Orthopaedics'    -    'Orthopaedic'
'Orthopaedics'    -    'Orthopaedic'
'Orthopaedic'    -    'Orthopaedics'
'Orthopaedic'    -    'Orthopaedics'
'Orthopaedic'    -    'Orthopaedics'
'Orthopaedic'    -    'Orthopaedics'
'Overseer Grade III'    -    'Overseer Grade-III'
'Overseer Grade-III'    -    'Overseer Grade III'
'Paramedic'    -    'Paramedics'
'Paramedics'    -    'Paramedic'
'Part Time Consultant'    -    'Part-Time Consultant'
'Part Time Doctor'    -    'Part-Time Doctor'
'Part Time Faculty'    -    'Part-Time Faculty'
'Part Time Medical Officer'    -    'Part-Time Medical Officer'
'Part Time Member'    -    'Part-Time Member'
'Part time Pharmacist'    -    'Part-time Pharmacist'
'Part Time Specialist'    -    'Part-Time Specialist'
'Part Time Teacher'    -    'Part-Time Teacher'
'Part-Time Consultant'    -    'Part Time Consultant'
'Part-Time Doctor'    -    'Part Time Doctor'
'Part-Time Faculty'    -    'Part Time Faculty'
'Part-Time Medical Officer'    -    'Part Time Medical Officer'
'Part-Time Member'    -    'Part Time Member'
'Part-time Pharmacist'    -    'Part time Pharmacist'
'Part-Time Specialist'    -    'Part Time Specialist'
'Part-Time Teacher'    -    'Part Time Teacher'
'Pem-cum-Matron'    -    'PEM-cum-Matron'
'PEM-cum-Matron'    -    'Pem-cum-Matron'
'Postdoctoral Researcher'    -    'Postdoctoral researcher'
'Postdoctoral researcher'    -    'Postdoctoral Researcher'
'Postdoctoral researcher'    -    'Postdoctoral Researcher'
'Postal Assistant/ Sorting Assistant'    -    'Postal Assistant/Sorting Assistant'
'Postal Assistant/Sorting Assistant'    -    'Postal Assistant/ Sorting Assistant'
'Postdoctoral Researcher'    -    'Postdoctoral researcher'
'Pro Vice Chancellor'    -    'Pro-Vice Chancellor'
'Pro-Vice Chancellor'    -    'Pro Vice Chancellor'
'Procurement and Contract Officer'    -    'Procurement and Contracts Officer'
'Procurement and Contracts Officer'    -    'Procurement and Contract Officer'
'PROGRAMME ASSISTANT'    -    'Programme Assistant'
'PROGRAMME ASSISTANT'    -    'Programme Assistant'
'PROGRAMME ASSISTANT'    -    'Programme Assistant'
'Programme Assistant'    -    'PROGRAMME ASSISTANT'
'Programme Assistant'    -    'PROGRAMME ASSISTANT'
'Programme Assistant'    -    'PROGRAMME ASSISTANT'
'Programme Officer'    -    'Programmes Officer'
'Programmer cum System Analyst'    -    'Programmer-cum-Systems Analyst'
'Programmer-cum-Systems Analyst'    -    'Programmer cum System Analyst'
'Programmes Officer'    -    'Programme Officer'
'Project Assistant'    -    'Project assistant'
'Project Assistant'    -    'Project assistant'
'Project assistant'    -    'Project Assistant'
'Project assistant'    -    'Project Assistant'
'Project assistant'    -    'Project Assistant'
'Project assistant'    -    'Project Assistant'
'Project Assistant'    -    'Project assistant'
'Project Assistant'    -    'Project assistant'
'Project Coordinator / Project Director'    -    'Project Coordinator/Project Director'
'Project Coordinator/Project Director'    -    'Project Coordinator / Project Director'
'Project Data Entry Operator A'    -    'Project Data Entry Operator-A'
'Project Data Entry Operator B'    -    'Project Data Entry Operator-B'
'Project Data Entry Operator-A'    -    'Project Data Entry Operator A'
'Project Data Entry Operator-B'    -    'Project Data Entry Operator B'
'project engineer'    -    'Project Engineer'
'project engineer'    -    'Project Engineer'
'Project Engineer'    -    'project engineer'
'Project Engineer'    -    'project engineer'
'Project Fellow (Junior-I)'    -    'Project Fellow Junior-I'
'Project Fellow Junior-I'    -    'Project Fellow (Junior-I)'
'Project Site Engineer'    -    'Project/ Site Engineer'
'Project Site Engineer'    -    'Project/ Site Engineer'
'Project/ Site Engineer'    -    'Project Site Engineer'
'Project/ Site Engineer'    -    'Project Site Engineer'
'Public Relation Officer I'    -    'Public Relation Officer-I'
'Public Relation Officer-I'    -    'Public Relation Officer I'
'Rajbhasha Adhikari (Scale I)'    -    'Rajbhasha Adhikari (Scale-I)'
'Rajbhasha Adhikari (Scale-I)'    -    'Rajbhasha Adhikari (Scale I)'
'Reader F'    -    'Reader-F'
'Reader-F'    -    'Reader F'
'Red-Team Expert'    -    'Red.Team Expert'
'Red.Team Expert'    -    'Red-Team Expert'
'Refrigerator Mechanic'    -    'Refrigerator Mechanics'
'Refrigerator Mechanics'    -    'Refrigerator Mechanic'
'Regional Director'    -    'Regional Directors'
'Regional Directors'    -    'Regional Director'
'‭Research Assistant'    -    'Research Assistant'
'‭Research Assistant'    -    'Research Assistant'
'Research Assistant'    -    '‭Research Assistant'
'Research Assistant'    -    '‭Research Assistant'
'Research Associate-I'    -    'Research Associate I'
'Research Associate I'    -    'Research Associate-I'
'Research Associate I'    -    'Research Associate-I'
'Research Associate I'    -    'Research Associate-I'
'Research Associate I'    -    'Research Associate-I'
'Research Associate I'    -    'Research Associate-I'
'Research Associate I'    -    'Research Associate-I'
'Research Associate I'    -    'Research Associate-I'
'Research Associate-I'    -    'Research Associate I'
'Research Associate-I'    -    'Research Associate I'
'Research Associate-I'    -    'Research Associate I'
'Research Associate-I'    -    'Research Associate I'
'Research Associate-I'    -    'Research Associate I'
'Research Associate-I'    -    'Research Associate I'
'Scientific/Technical Officer'    -    'Scientific Technical Officer'
'Scientific Officer B'    -    'Scientific Officer-B'
'Scientific Officer B'    -    'Scientific Officer-B'
'Scientific Officer C'    -    'Scientific Officer-C'
'Scientific Officer C'    -    'Scientific Officer-C'
'Scientific Officer D'    -    'Scientific Officer-D'
'Scientific Officer D'    -    'Scientific Officer-D'
'Scientific Officer E'    -    'Scientific Officer-E'
'Scientific Officer SB'    -    'Scientific Officer-SB'
'Scientific Officer SB'    -    'Scientific Officer-SB'
'Scientific Officer SB'    -    'Scientific Officer-SB'
'Scientific Officer-B'    -    'Scientific Officer B'
'Scientific Officer-B'    -    'Scientific Officer B'
'Scientific Officer-C'    -    'Scientific Officer C'
'Scientific Officer-C'    -    'Scientific Officer C'
'Scientific Officer-D'    -    'Scientific Officer D'
'Scientific Officer-D'    -    'Scientific Officer D'
'Scientific Officer-E'    -    'Scientific Officer E'
'Scientific Officer-SB'    -    'Scientific Officer SB'
'Scientific Officer-SB'    -    'Scientific Officer SB'
'Scientific Officer-SB'    -    'Scientific Officer SB'
'Scientific Technical Officer'    -    'Scientific/Technical Officer'
'Scientific Technical Officer'    -    'Scientific/Technical Officer'
'Scientific Technical Officer I'    -    'Scientific Technical Officer-I'
'Scientific Technical Officer I'    -    'Scientific Technical Officer-I'
'Scientific Technical Officer-I'    -    'Scientific Technical Officer I'
'Scientific Technical Officer-I'    -    'Scientific Technical Officer I'
'Scientific/Technical Officer'    -    'Scientific Technical Officer'
'Scientist A'    -    'Scientist-A'
'Scientist-A'    -    'Scientist A'
'Senior Assistant Facilities Officer'    -    'Senior Assistant Facility Officer'
'Senior Assistant Facility Officer'    -    'Senior Assistant Facilities Officer'
'Senior Programme Officer'    -    'Senior Programmes Officer'
'Senior Programmes Officer'    -    'Senior Programme Officer'
'Senior Research fellow'    -    'Senior Research Fellow'
'Senior Research fellow'    -    'Senior Research Fellow'
'Senior Research fellow'    -    'Senior Research Fellow'
'Senior Research fellow'    -    'Senior Research Fellow'
'Senior Research fellow'    -    'Senior Research Fellow'
'Senior Research fellow'    -    'Senior Research Fellow'
'Senior Research fellow'    -    'Senior Research Fellow'
'Senior Research Fellow'    -    'Senior Research fellow'
'Senior Research Fellow'    -    'Senior Research fellow'
'Senior Research Fellow'    -    'Senior Research fellow'
'Senior Research Fellow'    -    'Senior Research fellow'
'Senior Research Fellow'    -    'Senior Research fellow'
'Senior Research Fellow'    -    'Senior Research fellow'
'Senior Research Fellow'    -    'Senior Research fellow'
'Senior Student Activity and Sports Officer'    -    'Senior Students Activity and Sports Officer'
'Senior Students Activity and Sports Officer'    -    'Senior Student Activity and Sports Officer'
'Senior Work Engineer'    -    'Senior Works Engineer'
'Senior Work Engineer'    -    'Senior Works Engineer'
'Senior Works Engineer'    -    'Senior Work Engineer'
'Senior Works Engineer'    -    'Senior Work Engineer'
'Solution Architect'    -    'Solutions Architect'
'Solutions Architect'    -    'Solution Architect'
'Speech and Language therapist'    -    'Speech and Language Therapist'
'Speech and Language Therapist'    -    'Speech and Language therapist'
'Sport Coach'    -    'Sports Coach'
'Sport Coach'    -    'Sports Coach'
'Sport Coach'    -    'Sports Coach'
'Sport Coach'    -    'Sports Coach'
'Sport Instructor'    -    'Sports Instructor'
'Sport Person'    -    'Sports Person'
'Sport Person'    -    'Sports Person'
'Sport Person'    -    'Sports Person'
'Sport Person'    -    'Sports Person'
'Sport Person'    -    'Sports Person'
'Sport Person'    -    'Sports Person'
'Sports Coach'    -    'Sport Coach'
'Sports Coach'    -    'Sport Coach'
'Sports Coach'    -    'Sport Coach'
'Sports Coach'    -    'Sport Coach'
'Sports Instructor'    -    'Sport Instructor'
'Sports Person'    -    'Sport Person'
'Sports Person'    -    'Sport Person'
'Sports Person'    -    'Sport Person'
'Sports Person'    -    'Sport Person'
'Sports Person'    -    'Sport Person'
'Sports Person'    -    'Sport Person'
'Statistical Field surveyor'    -    'Statistical Field Surveyor'
'Statistical Field Surveyor'    -    'Statistical Field surveyor'
'Stenographer (Grade-D)'    -    'Stenographer Grade-D'
'Stenographer (Grade-D)'    -    'Stenographer Grade-D'
'Stenographer (Grade-D)'    -    'Stenographer Grade-D'
'Stenographer Grade-D'    -    'Stenographer (Grade-D)'
'Stenographer Grade-D'    -    'Stenographer (Grade-D)'
'Stenographer Grade-D'    -    'Stenographer (Grade-D)'
'Store and Purchase Officer'    -    'Stores and Purchase Officer'
'Store and Purchase Officer'    -    'Stores and Purchase Officer'
'Store and Purchase Officer'    -    'Stores and Purchase Officer'
'Store and Purchase Officer'    -    'Stores and Purchase Officer'
'Store Assistant'    -    'Stores Assistant'
'Store Attendant'    -    'Stores Attendant'
'Store Attendant'    -    'Stores Attendant'
'Store Attendant Grade-II'    -    'Stores Attendant Grade-II'
'Store Attendant Grade-II'    -    'Stores Attendant Grade-II'
'Store Clerk'    -    'Stores Clerk'
'Storekeeper '    -    'Storekeeper'
'Storekeeper '    -    'Storekeeper'
'Store Officer'    -    'Stores Officer'
'Store Officer'    -    'Stores Officer'
'Storekeeper'    -    'Storekeeper '
'Storekeeper'    -    'Storekeeper '
'Stores and Purchase Officer'    -    'Store and Purchase Officer'
'Stores and Purchase Officer'    -    'Store and Purchase Officer'
'Stores and Purchase Officer'    -    'Store and Purchase Officer'
'Stores and Purchase Officer'    -    'Store and Purchase Officer'
'Stores Assistant'    -    'Store Assistant'
'Stores Attendant'    -    'Store Attendant'
'Stores Attendant'    -    'Store Attendant'
'Stores Attendant Grade-II'    -    'Store Attendant Grade-II'
'Stores Attendant Grade-II'    -    'Store Attendant Grade-II'
'Stores Clerk'    -    'Store Clerk'
'Stores Officer'    -    'Store Officer'
'Stores Officer'    -    'Store Officer'
'Student Activity and Sports Assistant'    -    'Students Activity and Sports Assistant'
'Student Activity and Sports Assistant'    -    'Students Activity and Sports Assistant'
'Student Activity and Sports Officer'    -    'Students Activity and Sport Officer'
'Student Activity and Sports Officer'    -    'Students Activity and Sports Officer'
'Student Activity and Sports Officer'    -    'Students Activity and Sport Officer'
'Student Activity and Sports Officer'    -    'Students Activity and Sports Officer'
'Student Counsellor'    -    'Students Counsellor'
'Student Counselor'    -    'Students Counselor'
'Students Activity and Sport Officer'    -    'Student Activity and Sports Officer'
'Students Activity and Sport Officer'    -    'Student Activity and Sports Officer'
'Students Activity and Sport Officer'    -    'Students Activity and Sports Officer'
'Students Activity and Sports Assistant'    -    'Student Activity and Sports Assistant'
'Students Activity and Sports Assistant'    -    'Student Activity and Sports Assistant'
'Students Activity and Sports Officer'    -    'Student Activity and Sports Officer'
'Students Activity and Sports Officer'    -    'Student Activity and Sports Officer'
'Students Activity and Sports Officer'    -    'Students Activity and Sport Officer'
'Students Counsellor'    -    'Student Counsellor'
'Students Counselor'    -    'Student Counselor'
'Sub-Officer-B'    -    'Sub-Officer-b'
'Sub-Officer-B'    -    'Sub-Officer-b'
'Sub-Officer-b'    -    'Sub-Officer-B'
'Sub-Officer-b'    -    'Sub-Officer-B'
'Supervisor Store'    -    'Supervisor Stores'
'Supervisor Stores'    -    'Supervisor Store'
'Sweeper /Safai-Karamchari'    -    'Sweeper/Safai-Karamchari'
'Sweeper/Safai-Karamchari'    -    'Sweeper /Safai-Karamchari'
'System Analyst'    -    'Systems Analyst'
'System Assistant'    -    'Systems Assistant'
'System Engineer'    -    'Systems Engineer'
'System Manager'    -    'Systems Manager'
'Systems Analyst'    -    'System Analyst'
'Systems Assistant'    -    'System Assistant'
'Systems Engineer'    -    'System Engineer'
'Systems Manager'    -    'System Manager'
'TB HIV Coordinator'    -    'TB/HIV Coordinator'
'TB HIV Coordinator'    -    'TB/HIV Coordinator'
'TB-HV'    -    'TB/HV'
'TB/HIV Coordinator'    -    'TB HIV Coordinator'
'TB/HIV Coordinator'    -    'TB HIV Coordinator'
'TB/HV'    -    'TB-HV'
'Technical Assistant A'    -    'Technical Assistant-A'
'Technical Assistant-A'    -    'Technical Assistant A'
'Technical Officer A'    -    'Technical Officer-A'
'Technical Officer-A'    -    'Technical Officer A'
'Technician (Diploma) Apprentice'    -    'Technician Diploma Apprentice'
'Technician (Diploma) Apprentice'    -    'Technician Diploma Apprentice'
'Technician (Diploma) Apprentice'    -    'Technician Diploma Apprentice'
'Technician (Diploma) Apprentice'    -    'Technician Diploma Apprentice'
'Technician Diploma Apprentice'    -    'Technician (Diploma) Apprentice'
'Technician Diploma Apprentice'    -    'Technician (Diploma) Apprentice'
'Technician Diploma Apprentice'    -    'Technician (Diploma) Apprentice'
'Technician Diploma Apprentice'    -    'Technician (Diploma) Apprentice'
'Up Vaidya'    -    'Up-Vaidya'
'Up-Vaidya'    -    'Up Vaidya'
'Whole Time Member'    -    'Whole-Time Member'
'Whole Time Member'    -    'Whole-time Member'
'Whole-Time Member'    -    'Whole Time Member'
'Whole-Time Member'    -    'Whole-time Member'
'Whole-time Member'    -    'Whole Time Member'
'Whole-time Member'    -    'Whole-Time Member'
'Work Assistant'    -    'Works Assistant'
'Work Assistant A'    -    'Work Assistant-A'
'Work Assistant-A'    -    'Work Assistant A'
'Work Engineer'    -    'Works Engineer'
'Work Manager'    -    'Works Manager'
'Work Supervisor'    -    'Works Supervisor'
'Works Assistant'    -    'Work Assistant'
'Works Engineer'    -    'Work Engineer'
'Works Manager'    -    'Work Manager'
'Works Supervisor'    -    'Work Supervisor'
