'Academic'    -    'Academics'
'Academic and Research'    -    'Academics and Research'
'Academics'    -    'Academic'
'Academics and Research'    -    'Academic and Research'
'Account and Compliances'    -    'Accounts and Compliance'
'Account and Finance'    -    'Accounts and Finance'
'Account and Finance'    -    'Accounts and Finance'
'Account and Finance'    -    'Accounts and Finance'
'Account and Finance'    -    'Accounts and Finance'
'Account and Finance'    -    'Accounts and Finance'
'Account and Finance'    -    'Accounts and Finance'
'Account and Purchase'    -    'Accounts and Purchase'
'Account officer'    -    'Accounts Officer'
'Accounts and Compliance'    -    'Account and Compliances'
'Accounts and Finance'    -    'Account and Finance'
'Accounts and Finance'    -    'Account and Finance'
'Accounts and Finance'    -    'Account and Finance'
'Accounts and Finance'    -    'Account and Finance'
'Accounts and Finance'    -    'Account and Finance'
'Accounts and Finance'    -    'Account and Finance'
'Accounts and Purchase'    -    'Account and Purchase'
'Accounts Officer'    -    'Account officer'
'Actuaries'    -    'Actuary'
'Actuary'    -    'Actuaries'
'After Sale Service'    -    'After Sales Service'
'After Sales Service'    -    'After Sale Service'
'Agriculture (Plant Breeding)'    -    'Agriculture Plant Breeding'
'Agriculture Plant Breeding'    -    'Agriculture (Plant Breeding)'
'Agriculture Science'    -    'Agriculture Sciences'
'Agriculture Sciences'    -    'Agriculture Science'
'Animal Science'    -    'Animal Sciences'
'Animal Sciences'    -    'Animal Science'
'Applied Science and Humanities'    -    'Applied Sciences and Humanities'
'Applied Science and Humanities'    -    'Applied Sciences and Humanities'
'Applied Sciences and Humanities'    -    'Applied Science and Humanities'
'Applied Sciences and Humanities'    -    'Applied Science and Humanities'
'Architect'    -    'Architects'
'Architects'    -    'Architect'
'Art and Craft'    -    'Arts and Craft'
'Art and Craft'    -    'Arts and Crafts'
'Art and Craft'    -    'Arts and Craft'
'Art and Craft'    -    'Arts and Crafts'
'Arts and Craft'    -    'Art and Craft'
'Arts and Craft'    -    'Art and Craft'
'Arts and Craft'    -    'Arts and Crafts'
'Arts and Crafts'    -    'Art and Craft'
'Arts and Crafts'    -    'Art and Craft'
'Arts and Crafts'    -    'Arts and Craft'
'Atya - Patya'    -    'Atya-Patya'
'Atya-Patya'    -    'Atya - Patya'
'Autotronics'    -    'AutoTronics'
'AutoTronics'    -    'Autotronics'
'Billiards and Snooker'    -    'Billiards and Snookers'
'Billiards and Snookers'    -    'Billiards and Snooker'
'Biological Science and Engineering'    -    'Biological Sciences and Engineering'
'Biological Sciences and Engineering'    -    'Biological Science and Engineering'
'Biotechnology and Molecular Medicine'    -    'biotechnology and Molecular Medicine'
'biotechnology and Molecular Medicine'    -    'Biotechnology and Molecular Medicine'
'Bridge'    -    'Bridges'
'Bridges'    -    'Bridge'
'Burn'    -    'Burns'
'Burn and Plastic Surgery'    -    'Burns and Plastic Surgery'
'Burn and Plastic Surgery'    -    'Burns and Plastic Surgery'
'Burn and Plastic Surgery'    -    'Burns and Plastic Surgery'
'Burn and Plastic Surgery'    -    'Burns and Plastic surgery'
'Burn and Plastic Surgery'    -    'Burns and Plastic Surgery'
'Burn and Plastic Surgery'    -    'Burns and Plastic Surgery'
'Burn and Plastic Surgery'    -    'Burns and Plastic Surgery'
'Burn and Plastic Surgery'    -    'Burns and Plastic Surgery'
'Burn and Plastic Surgery'    -    'Burns and Plastic Surgery'
'Burn and Plastic Surgery'    -    'Burns and Plastic Surgery'
'Burn and Plastic Surgery'    -    'Burns and Plastic surgery'
'Burn and Plastic Surgery'    -    'Burns and Plastic Surgery'
'Burn and Plastic Surgery'    -    'Burns and Plastic Surgery'
'Burn and Plastic Surgery'    -    'Burns and Plastic Surgery'
'Burns'    -    'Burn'
'Burns and Plastic Surgery'    -    'Burn and Plastic Surgery'
'Burns and Plastic Surgery'    -    'Burn and Plastic Surgery'
'Burns and Plastic Surgery'    -    'Burns and Plastic surgery'
'Burns and Plastic Surgery'    -    'Burn and Plastic Surgery'
'Burns and Plastic Surgery'    -    'Burn and Plastic Surgery'
'Burns and Plastic Surgery'    -    'Burns and Plastic surgery'
'Burns and Plastic Surgery'    -    'Burn and Plastic Surgery'
'Burns and Plastic Surgery'    -    'Burn and Plastic Surgery'
'Burns and Plastic Surgery'    -    'Burns and Plastic surgery'
'Burns and Plastic surgery'    -    'Burn and Plastic Surgery'
'Burns and Plastic surgery'    -    'Burn and Plastic Surgery'
'Burns and Plastic surgery'    -    'Burns and Plastic Surgery'
'Burns and Plastic surgery'    -    'Burns and Plastic Surgery'
'Burns and Plastic surgery'    -    'Burns and Plastic Surgery'
'Burns and Plastic surgery'    -    'Burns and Plastic Surgery'
'Burns and Plastic surgery'    -    'Burns and Plastic Surgery'
'Burns and Plastic surgery'    -    'Burns and Plastic Surgery'
'Burns and Plastic Surgery'    -    'Burn and Plastic Surgery'
'Burns and Plastic Surgery'    -    'Burn and Plastic Surgery'
'Burns and Plastic Surgery'    -    'Burns and Plastic surgery'
'Burns and Plastic Surgery'    -    'Burn and Plastic Surgery'
'Burns and Plastic Surgery'    -    'Burn and Plastic Surgery'
'Burns and Plastic Surgery'    -    'Burns and Plastic surgery'
'Burns and Plastic Surgery'    -    'Burn and Plastic Surgery'
'Burns and Plastic Surgery'    -    'Burn and Plastic Surgery'
'Burns and Plastic Surgery'    -    'Burns and Plastic surgery'
'Business Economic'    -    'Business Economics'
'Business Economics'    -    'Business Economic'
'CasuaLty'    -    'Casualty'
'Casualty'    -    'CasuaLty'
'Category and Procurement expert'    -    'Category and Procurement experts'
'Category and Procurement experts'    -    'Category and Procurement expert'
'Cellular Biology and genomics'    -    'Cellular Biology and Genomics'
'Cellular Biology and Genomics'    -    'Cellular Biology and genomics'
'Central Research Facilities'    -    'Central Research Facility'
'Central Research Facility'    -    'Central Research Facilities'
'Ceramic Engineering'    -    'Ceramics Engineering'
'Ceramics Engineering'    -    'Ceramic Engineering'
'Chemical Laboratories'    -    'Chemical Laboratory'
'Chemical Laboratory'    -    'Chemical Laboratories'
'Chemical Science'    -    'Chemical Sciences'
'Chemical Sciences'    -    'Chemical Science'
'Chemistry (Organic)'    -    'Chemistry Organic'
'Chemistry Organic'    -    'Chemistry (Organic)'
'Civil work'    -    'Civil Works'
'Civil Works'    -    'Civil work'
'Cleaner'    -    'Cleaners'
'Cleaners'    -    'Cleaner'
'Commerce and International Business'    -    'commerce and International Business'
'commerce and International Business'    -    'Commerce and International Business'
'Commercial Art'    -    'Commercial Arts'
'Commercial Arts'    -    'Commercial Art'
'Comparative Studies of Religion'    -    'Comparative Study of Religion'
'Comparative Study of Religion'    -    'Comparative Studies of Religion'
'Computer'    -    'Computers'
'Computer and Information Science'    -    'Computer and Information Sciences'
'Computer and Information Sciences'    -    'Computer and Information Science'
'Computer Engineering and Mathematical Science'    -    'Computer Engineering and Mathematical Sciences'
'Computer Engineering and Mathematical Sciences'    -    'Computer Engineering and Mathematical Science'
'Computer Science and Engineering'    -    'Computer Sciences and Engineering'
'Computer Science and Engineering'    -    'Computer Sciences and Engineering'
'Computer Science and Engineering'    -    'Computer Sciences and Engineering'
'Computer Science and Engineering'    -    'Computer Sciences and Engineering'
'Computer Science and Engineering'    -    'Computer Sciences and Engineering'
'Computer Science and Engineering'    -    'Computer Sciences and Engineering'
'Computer Science and Engineering - Information Security'    -    'Computer Science and Engineering Information Security'
'Computer Science and Engineering Information Security'    -    'Computer Science and Engineering - Information Security'
'Computer Science Technology'    -    'Computer Science/Technology'
'Computer Science/Technology'    -    'Computer Science Technology'
'Computer Sciences and Engineering'    -    'Computer Science and Engineering'
'Computer Sciences and Engineering'    -    'Computer Science and Engineering'
'Computer Sciences and Engineering'    -    'Computer Science and Engineering'
'Computer Sciences and Engineering'    -    'Computer Science and Engineering'
'Computer Sciences and Engineering'    -    'Computer Science and Engineering'
'Computer Sciences and Engineering'    -    'Computer Science and Engineering'
'Computers'    -    'Computer'
'Conservation Preservation and Heritage Management'    -    'Conservation, Preservation and Heritage Management'
'Conservation, Preservation and Heritage Management'    -    'Conservation Preservation and Heritage Management'
'Contract'    -    'Contracts'
'Contract and Material Management'    -    'Contracts and Materials Management'
'Contract and Materials'    -    'Contracts and Materials'
'Contract and Procurement'    -    'Contracts and Procurement'
'Contract and Procurement'    -    'Contracts and Procurement'
'Contracts'    -    'Contract'
'Contracts and Materials'    -    'Contract and Materials'
'Contracts and Materials Management'    -    'Contract and Material Management'
'Contracts and Procurement'    -    'Contract and Procurement'
'Contracts and Procurement'    -    'Contract and Procurement'
'Control'    -    'Controls'
'Control System'    -    'Control Systems'
'Control Systems'    -    'Control System'
'Controls'    -    'Control'
'Craft'    -    'Crafts'
'Crafts'    -    'Craft'
'CRI Lab'    -    'CRI Labs'
'CRI Labs'    -    'CRI Lab'
'CTV'    -    'CTVS'
'CTVS'    -    'CTV'
'Customer Service'    -    'Customer Services'
'Customer Services'    -    'Customer Service'
'Cyber Forensic'    -    'Cyber Forensics'
'Cyber Forensics'    -    'Cyber Forensic'
'cyber Law'    -    'Cyber Laws'
'Cyber Laws'    -    'cyber Law'
'Cyber Security Operation'    -    'Cyber Security Operations'
'Cyber Security Operations'    -    'Cyber Security Operation'
'Dairy Science'    -    'Dairy Sciences'
'Dairy Sciences'    -    'Dairy Science'
'Data Science'    -    'Data Sciences'
'Data Science'    -    'Data Sciences'
'Data Science and Artificial Intelligence'    -    'Data Sciences and Artificial Intelligence'
'Data Sciences'    -    'Data Science'
'Data Sciences'    -    'Data Science'
'Data Sciences and Artificial Intelligence'    -    'Data Science and Artificial Intelligence'
'Decision Science'    -    'Decision Sciences'
'Decision Sciences'    -    'Decision Science'
'Dental and Prosthetic Surgeon - Mechanic'    -    'Dental and Prosthetic Surgeon Mechanic'
'Dental and Prosthetic Surgeon Mechanic'    -    'Dental and Prosthetic Surgeon - Mechanic'
'Dental Mechanic'    -    'Dental Mechanics'
'Dental Mechanics'    -    'Dental Mechanic'
'Diagnostic and Interventional Radiology'    -    'Diagnostic and interventional Radiology'
'Diagnostic and interventional Radiology'    -    'Diagnostic and Interventional Radiology'
'Digital Forensic'    -    'Digital Forensics'
'Digital Forensics'    -    'Digital Forensic'
'Digital Technologies'    -    'Digital Technology'
'Digital Technology'    -    'Digital Technologies'
'DNA Forensic'    -    'DNA Forensics'
'DNA Forensics'    -    'DNA Forensic'
'Doctor'    -    'Doctors'
'Doctors'    -    'Doctor'
'Document'    -    'Documents'
'Documents'    -    'Document'
'DRAUGHTSMAN - MECHANICAL'    -    'Draughtsman (Mechanical)'
'Draughtsman (Mechanical)'    -    'DRAUGHTSMAN - MECHANICAL'
'E.N.T'    -    'E.N.T.'
'E.N.T.'    -    'E.N.T'
'Ear, Nose and Throat'    -    'Ears, Nose and Throat'
'Ear, Nose and Throat'    -    'Ears, Nose and Throat'
'Ear, Nose and Throat'    -    'Ears, Nose and Throat'
'Ear, Nose and Throat'    -    'Ears, Nose and Throat'
'Ear, Nose and Throat'    -    'Ears, Nose and Throat'
'Ears, Nose and Throat'    -    'Ear, Nose and Throat'
'Ears, Nose and Throat'    -    'Ear, Nose and Throat'
'Ears, Nose and Throat'    -    'Ear, Nose and Throat'
'Ears, Nose and Throat'    -    'Ear, Nose and Throat'
'Ears, Nose and Throat'    -    'Ear, Nose and Throat'
'Earth and Atmospheric Science'    -    'Earth and Atmospheric Sciences'
'Earth and Atmospheric Science'    -    'Earth and Atmospheric Sciences'
'Earth and Atmospheric Sciences'    -    'Earth and Atmospheric Science'
'Earth and Atmospheric Sciences'    -    'Earth and Atmospheric Science'
'Earth and Climate Science'    -    'Earth and Climate Sciences'
'Earth and Climate Sciences'    -    'Earth and Climate Science'
'Economic'    -    'Economics'
'Economic'    -    'Economics'
'Economic and Public Policy'    -    'Economics and Public Policy'
'Economic and Public Policy'    -    'Economics and Public Policy'
'Economic and Sociology'    -    'Economics and Sociology'
'Economics'    -    'Economic'
'Economics'    -    'Economic'
'Economics and Public Policy'    -    'Economic and Public Policy'
'Economics and Public Policy'    -    'Economic and Public Policy'
'Economics and Sociology'    -    'Economic and Sociology'
'ED Secretariat'    -    'EDs secretariat'
'EDs secretariat'    -    'ED Secretariat'
'Electrical and Electronics'    -    'Electricals and Electronics'
'Electrical and Electronics'    -    'Electricals and Electronics'
'Electricals and Electronics'    -    'Electrical and Electronics'
'Electricals and Electronics'    -    'Electrical and Electronics'
'Electronics and Computer Science'    -    'Electronics, and Computer Sciences'
'Electronics and Telecommunication'    -    'Electronics and TeleCommunication'
'Electronics and Telecommunication'    -    'Electronics and TeleCommunication'
'Electronics and TeleCommunication'    -    'Electronics and Telecommunication'
'Electronics and TeleCommunication'    -    'Electronics and Telecommunication'
'Electronics and Telecommunication Engineering'    -    'Electronics and TeleCommunication Engineering'
'Electronics and Telecommunication Engineering'    -    'Electronics and TeleCommunication Engineering'
'Electronics and Telecommunication Engineering'    -    'Electronics and TeleCommunication Engineering'
'Electronics and Telecommunication Engineering'    -    'Electronics and TeleCommunication Engineering'
'Electronics and Telecommunication Engineering'    -    'Electronics and TeleCommunication Engineering'
'Electronics and Telecommunication Engineering'    -    'Electronics and TeleCommunication Engineering'
'Electronics and Telecommunication Engineering'    -    'Electronics and TeleCommunication Engineering'
'Electronics and Telecommunication Engineering'    -    'Electronics and TeleCommunication Engineering'
'Electronics and TeleCommunication Engineering'    -    'Electronics and Telecommunication Engineering'
'Electronics and TeleCommunication Engineering'    -    'Electronics and Telecommunication Engineering'
'Electronics and TeleCommunication Engineering'    -    'Electronics and Telecommunication Engineering'
'Electronics and TeleCommunication Engineering'    -    'Electronics and Telecommunication Engineering'
'Electronics and TeleCommunication Engineering'    -    'Electronics and Telecommunication Engineering'
'Electronics and TeleCommunication Engineering'    -    'Electronics and Telecommunication Engineering'
'Electronics and TeleCommunication Engineering'    -    'Electronics and Telecommunication Engineering'
'Electronics and TeleCommunication Engineering'    -    'Electronics and Telecommunication Engineering'
'Electronics, and Computer Sciences'    -    'Electronics and Computer Science'
'Embedded System'    -    'Embedded Systems'
'Embedded System Design'    -    'Embedded Systems Design'
'Embedded Systems'    -    'Embedded System'
'Embedded Systems Design'    -    'Embedded System Design'
'Emerging Technologies'    -    'Emerging Technology'
'Emerging Technology'    -    'Emerging Technologies'
'Environment Science'    -    'Environment Sciences'
'Environment Sciences'    -    'Environment Science'
'Environmental Science'    -    'Environmental Sciences'
'Environmental Science'    -    'Environmental Sciences'
'Environmental Science'    -    'Environmental Sciences'
'Environmental Science'    -    'Environmental Sciences'
'Environmental Sciences'    -    'Environmental Science'
'Environmental Sciences'    -    'Environmental Science'
'Environmental Sciences'    -    'Environmental Science'
'Environmental Sciences'    -    'Environmental Science'
'Estate'    -    'Estates'
'Estates'    -    'Estate'
'Event Management'    -    'Events Management'
'Events Management'    -    'Event Management'
'Explosive'    -    'Explosives'
'Explosives'    -    'Explosive'
'Export'    -    'Exports'
'Export Marketing'    -    'Exports Marketing'
'Exports'    -    'Export'
'Exports Marketing'    -    'Export Marketing'
'Fabric and Apparel Science'    -    'Fabric and Apparel Sciences'
'Fabric and Apparel Sciences'    -    'Fabric and Apparel Science'
'Facilities'    -    'Facility'
'Facilities and Administrative'    -    'Facility and Administrative'
'Facilities Management'    -    'Facility Management'
'Facility'    -    'Facilities'
'Facility and Administrative'    -    'Facilities and Administrative'
'Facility Management'    -    'Facilities Management'
'Family and Community Science'    -    'Family and Community Sciences'
'Family and Community Sciences'    -    'Family and Community Science'
'Farm'    -    'Farms'
'Farm Information'    -    'Farm information'
'Farm information'    -    'Farm Information'
'Farms'    -    'Farm'
'Fingerprint and Questioned Document'    -    'Fingerprint and Questioned Documents'
'Fingerprint and Questioned Documents'    -    'Fingerprint and Questioned Document'
'Fire Service'    -    'Fire Services'
'Fire Services'    -    'Fire Service'
'Fisheries'    -    'Fishery'
'Fisheries Science'    -    'Fishery Science'
'Fisheries Science'    -    'Fishery Science'
'Fishery'    -    'Fisheries'
'Fishery Science'    -    'Fisheries Science'
'Fishery Science'    -    'Fisheries Science'
'Fitter (Structural)'    -    'Fitter Structural'
'Fitter Structural'    -    'Fitter (Structural)'
'Food and Nutrition'    -    'Foods and Nutrition'
'Food and Nutrition'    -    'Foods and Nutrition'
'Food Nutrition and Dietetics'    -    'Food, Nutrition and Dietetics'
'Food Science and Quality Control'    -    'Food Sciences and quality control'
'Food Sciences and quality control'    -    'Food Science and Quality Control'
'Food, Nutrition and Dietetics'    -    'Food Nutrition and Dietetics'
'Foods and Nutrition'    -    'Food and Nutrition'
'Foods and Nutrition'    -    'Food and Nutrition'
'Forensic'    -    'Forensics'
'Forensic Medicine'    -    'Forensics medicine'
'Forensic Medicine'    -    'Forensics medicine'
'Forensic Medicine'    -    'Forensics medicine'
'Forensic Medicine'    -    'Forensics medicine'
'Forensic Medicine'    -    'Forensics medicine'
'Forensic Medicine'    -    'Forensics medicine'
'Forensic Narcotics'    -    'Forensics Narcotics'
'Forensics'    -    'Forensic'
'Forensics medicine'    -    'Forensic Medicine'
'Forensics medicine'    -    'Forensic Medicine'
'Forensics medicine'    -    'Forensic Medicine'
'Forensics medicine'    -    'Forensic Medicine'
'Forensics medicine'    -    'Forensic Medicine'
'Forensics medicine'    -    'Forensic Medicine'
'Forensics Narcotics'    -    'Forensic Narcotics'
'Forestry and Natural Resource'    -    'Forestry and Natural Resources'
'Forestry and Natural Resources'    -    'Forestry and Natural Resource'
'Fruit and Vegetables Processing'    -    'Fruits and Vegetable Processing'
'Fruits and Vegetable Processing'    -    'Fruit and Vegetables Processing'
'GDMO'    -    'GDMOs'
'GDMOs'    -    'GDMO'
'General Duties Medical Officer'    -    'General Duty Medical Officer'
'General Duty Medical Officer'    -    'General Duties Medical Officer'
'General Medicine and Medical Super specialities'    -    'General Medicine and Medical Super Specialities'
'General Medicine and Medical Super Specialities'    -    'General Medicine and Medical Super specialities'
'Geographic Information System'    -    'Geographic Information Systems'
'Geographic Information Systems'    -    'Geographic Information System'
'Geriatric Medicine'    -    'Geriatrics Medicine'
'Geriatric Mental Health'    -    'Geriatrics Mental Health'
'Geriatrics Medicine'    -    'Geriatric Medicine'
'Geriatrics Mental Health'    -    'Geriatric Mental Health'
'Grade I'    -    'Grade-I'
'Grade-I'    -    'Grade I'
'Gynaecologist and Obstetrician'    -    'Gynaecologists and Obstetrician'
'Gynaecologists and Obstetrician'    -    'Gynaecologist and Obstetrician'
'Highway'    -    'Highways'
'Highways'    -    'Highway'
'Home	Science'    -    'Home Science'
'Home	Science'    -    'Home Science'
'Home	Science'    -    'Home Sciences'
'Home Science'    -    'Home	Science'
'Home Science'    -    'Home Sciences'
'Home Science'    -    'Home	Science'
'Home Science'    -    'Home Sciences'
'Home Science (Extension Education)'    -    'Home Science Extension Education'
'Home Science Extension Education'    -    'Home Science (Extension Education)'
'Home Sciences'    -    'Home	Science'
'Home Sciences'    -    'Home Science'
'Home Sciences'    -    'Home Science'
'Hospital Service'    -    'Hospital Services'
'Hospital Services'    -    'Hospital Service'
'Human Resource and Administration'    -    'Human Resources and Administration'
'Human Resource and Administration'    -    'Human Resources and Administration'
'Human Resource and Administration'    -    'Human Resources and Administration'
'Human Resource and Administration'    -    'Human Resources and Administration'
'Human Resource for Health'    -    'Human Resources for Health'
'Human Resource Management'    -    'Human Resources Management'
'Human Resource Management'    -    'Human Resources Management'
'Human Resources and Administration'    -    'Human Resource and Administration'
'Human Resources and Administration'    -    'Human Resource and Administration'
'Human Resources and Administration'    -    'Human Resource and Administration'
'Human Resources and Administration'    -    'Human Resource and Administration'
'Human Resources for Health'    -    'Human Resource for Health'
'Human Resources Management'    -    'Human Resource Management'
'Human Resources Management'    -    'Human Resource Management'
'Human Right Education'    -    'Human Rights Education'
'Human Rights Education'    -    'Human Right Education'
'Humanities and Basic Science'    -    'Humanities and Basic Sciences'
'Humanities and Basic Sciences'    -    'Humanities and Basic Science'
'Immuno Haematology and Blood Transfusion'    -    'Immuno-Haematology and Blood Transfusion'
'Immuno Haematology and Blood Transfusion'    -    'Immuno-Haematology and Blood Transfusion'
'Immuno Haematology and Blood Transfusion'    -    'Immuno-Haematology and Blood Transfusion'
'Immuno Haematology and Blood Transfusion'    -    'Immuno-Haematology and Blood Transfusion'
'Immuno Haematology and Blood Transfusion'    -    'Immuno-Haematology and Blood Transfusion'
'Immuno Haematology and Blood Transfusion'    -    'Immuno-Haematology and Blood Transfusion'
'Immuno Haematology and Blood Transfusion Medicine'    -    'Immuno-Haematology and Blood Transfusion Medicine'
'Immuno-Haematology and Blood Transfusion'    -    'Immuno Haematology and Blood Transfusion'
'Immuno-Haematology and Blood Transfusion'    -    'Immuno Haematology and Blood Transfusion'
'Immuno-Haematology and Blood Transfusion'    -    'Immuno Haematology and Blood Transfusion'
'Immuno-Haematology and Blood Transfusion'    -    'Immuno Haematology and Blood Transfusion'
'Immuno-Haematology and Blood Transfusion'    -    'Immuno Haematology and Blood Transfusion'
'Immuno-Haematology and Blood Transfusion'    -    'Immuno Haematology and Blood Transfusion'
'Immuno-Haematology and Blood Transfusion Medicine'    -    'Immuno Haematology and Blood Transfusion Medicine'
'Industrial Microbiology'    -    'industrial Microbiology'
'industrial Microbiology'    -    'Industrial Microbiology'
'Industrial Relation'    -    'Industrial Relations'
'Industrial Relation and Personnel Management'    -    'Industrial Relations and Personnel Management'
'Industrial Relations'    -    'Industrial Relation'
'Industrial Relations and Personnel Management'    -    'Industrial Relation and Personnel Management'
'Industries'    -    'Industry'
'Industry'    -    'Industries'
'Information System'    -    'Information Systems'
'Information system and Analytics'    -    'Information Systems and Analytics'
'Information system and Analytics'    -    'Information Systems and Analytics'
'Information System and Business Analytics'    -    'Information Systems and Business Analytics'
'Information System and Business Analytics'    -    'Information Systems and Business Analytics'
'Information Systems'    -    'Information System'
'Information Systems and Analytics'    -    'Information system and Analytics'
'Information Systems and Analytics'    -    'Information system and Analytics'
'Information Systems and Business Analytics'    -    'Information System and Business Analytics'
'Information Systems and Business Analytics'    -    'Information System and Business Analytics'
'Information Technologies'    -    'Information Technology'
'Information Technologies'    -    'Information Technology'
'Information Technologies'    -    'Information Technology'
'Information Technologies'    -    'Information Technology'
'Information Technologies'    -    'Information Technology'
'Information Technologies'    -    'Information Technology'
'Information Technologies'    -    'Information Technology'
'Information Technologies'    -    'Information Technology'
'Information Technologies'    -    'Information Technology'
'Information Technologies'    -    'Information Technology'
'Information Technology'    -    'Information Technologies'
'Information Technology'    -    'Information Technologies'
'Information Technology'    -    'Information Technologies'
'Information Technology'    -    'Information Technologies'
'Information Technology'    -    'Information Technologies'
'Information Technology'    -    'Information Technologies'
'Information Technology'    -    'Information Technologies'
'Information Technology'    -    'Information Technologies'
'Information Technology'    -    'Information Technologies'
'Information Technology'    -    'Information Technologies'
'Information Technology and Operation'    -    'Information Technology and Operations'
'Information Technology and Operations'    -    'Information Technology and Operation'
'Information Technology and System'    -    'Information Technology and Systems'
'Information Technology and Systems'    -    'Information Technology and System'
'Instrumentation Science'    -    'instrumentation Science'
'instrumentation Science'    -    'Instrumentation Science'
'Intellectual Disabilities'    -    'Intellectual Disability'
'Intellectual Disability'    -    'Intellectual Disabilities'
'Irrigation Flood Control and water Management'    -    'Irrigation, Flood Control and Water Management'
'Irrigation, Flood Control and Water Management'    -    'Irrigation Flood Control and water Management'
'IT Solution'    -    'IT Solutions'
'IT Solutions'    -    'IT Solution'
'Jail'    -    'Jails'
'Jails'    -    'Jail'
'Lab'    -    'Labs'
'Lab Medicine'    -    'Lab. Medicine'
'Lab. Medicine'    -    'Lab Medicine'
'Laboratories'    -    'laboratory'
'Laboratories Services'    -    'LABORATORY SERVICES'
'laboratory'    -    'Laboratories'
'LABORATORY SERVICES'    -    'Laboratories Services'
'Labs'    -    'Lab'
'Landslide and Avalanche'    -    'Landslides and Avalanche'
'Landslides and Avalanche'    -    'Landslide and Avalanche'
'Language and Literature'    -    'Languages and Literature'
'Language and Literature'    -    'Languages and Literature'
'Languages and Literature'    -    'Language and Literature'
'Languages and Literature'    -    'Language and Literature'
'Law'    -    'Laws'
'Laws'    -    'Law'
'Life Science'    -    'Life Sciences'
'Life Science'    -    'Life Sciences'
'Life Science'    -    'Life Sciences'
'Life Sciences'    -    'Life Science'
'Life Sciences'    -    'Life Science'
'Life Sciences'    -    'Life Science'
'Lift and Escalator'    -    'Lifts and Escalator'
'Lifts and Escalator'    -    'Lift and Escalator'
'Lineman'    -    'Linemen'
'Linemen'    -    'Lineman'
'Livestock Farm Complex'    -    'Livestock Farms Complex'
'Livestock Farms Complex'    -    'Livestock Farm Complex'
'Livestock Product Technology'    -    'Livestock Products Technology'
'Livestock Product Technology'    -    'Livestock Products Technology'
'Livestock Products Technology'    -    'Livestock Product Technology'
'Livestock Products Technology'    -    'Livestock Product Technology'
'Logistic'    -    'Logistics'
'Logistic and Supply Chain Management'    -    'Logistics and Supply Chain Management'
'Logistic and Supply Chain Management'    -    'Logistics and Supply Chain Management'
'Logistics'    -    'Logistic'
'Logistics and Supply Chain Management'    -    'Logistic and Supply Chain Management'
'Logistics and Supply Chain Management'    -    'Logistic and Supply Chain Management'
'management Humanities and Social Science'    -    'Management, Humanities and Social Sciences'
'management Humanities and Social Science'    -    'Management, Humanities and Social Sciences'
'Management Information System'    -    'Management Information Systems'
'Management Information Systems'    -    'Management Information System'
'Management Service'    -    'Management Services'
'Management Services'    -    'Management Service'
'Management, Humanities and Social Sciences'    -    'management Humanities and Social Science'
'Management, Humanities and Social Sciences'    -    'management Humanities and Social Science'
'Marine Science'    -    'Marine Sciences'
'Marine Sciences'    -    'Marine Science'
'Material'    -    'Materials'
'Material Engineering'    -    'Materials Engineering'
'Material Management'    -    'Materials Management'
'Material Science'    -    'Material Sciences'
'Material Science'    -    'Materials Science'
'Material Science and Engineering'    -    'Materials Science and Engineering'
'Material Science and Engineering'    -    'Materials Science and Engineering'
'Material Science and Engineering'    -    'Materials Science and Engineering'
'Material Science and Engineering'    -    'Materials Science and Engineering'
'Material Science and Metallurgical Engineering'    -    'Materials Science and Metallurgical Engineering'
'Material Sciences'    -    'Material Science'
'Material Sciences'    -    'Materials Science'
'Materials'    -    'Material'
'Materials Engineering'    -    'Material Engineering'
'Materials Management'    -    'Material Management'
'Materials Science'    -    'Material Science'
'Materials Science'    -    'Material Sciences'
'Materials Science and Engineering'    -    'Material Science and Engineering'
'Materials Science and Engineering'    -    'Material Science and Engineering'
'Materials Science and Engineering'    -    'Material Science and Engineering'
'Materials Science and Engineering'    -    'Material Science and Engineering'
'Materials Science and Metallurgical Engineering'    -    'Material Science and Metallurgical Engineering'
'Math'    -    'Maths'
'Maths'    -    'Math'
'Mechanic (Diesel)'    -    'Mechanic Diesel'
'Mechanic (Diesel)'    -    'Mechanic Diesel'
'Mechanic (Motor vehicle)'    -    'Mechanic Motor Vehicle'
'Mechanic (Motor vehicle)'    -    'Mechanic Motor Vehicle'
'Mechanic (Motor vehicle)'    -    'Mechanic Motor Vehicle'
'Mechanic (Motor vehicle)'    -    'Mechanic Motor Vehicle'
'Mechanic (Refrigeration and Air Conditioner)'    -    'Mechanic Refrigeration and Air Conditioner'
'Mechanic Diesel'    -    'Mechanic (Diesel)'
'Mechanic Diesel'    -    'Mechanic (Diesel)'
'Mechanic Motor Vehicle'    -    'Mechanic (Motor vehicle)'
'Mechanic Motor Vehicle'    -    'Mechanic (Motor vehicle)'
'Mechanic Motor Vehicle'    -    'Mechanic (Motor vehicle)'
'Mechanic Motor Vehicle'    -    'Mechanic (Motor vehicle)'
'Mechanic Refrigeration and Air Conditioner'    -    'Mechanic (Refrigeration and Air Conditioner)'
'Mechanical Materials and Aerospace Engineering'    -    'Mechanical, Materials and Aerospace Engineering'
'Mechanical, Materials and Aerospace Engineering'    -    'Mechanical Materials and Aerospace Engineering'
'Medical and Health Service'    -    'Medical and Health Services'
'Medical and Health Services'    -    'Medical and Health Service'
'Medical Record'    -    'Medical Records'
'Medical Records'    -    'Medical Record'
'Medicine'    -    'Medicines'
'Medicines'    -    'Medicine'
'Military Explosive'    -    'Military Explosives'
'Military Explosives'    -    'Military Explosive'
'Molecular Biology and Biochemistry'    -    'Molecular biology and Biochemistry'
'Molecular biology and Biochemistry'    -    'Molecular Biology and Biochemistry'
'MT'    -    'MTS'
'MTS'    -    'MT'
'Multimedia Technologies'    -    'Multimedia Technology'
'Multimedia Technology'    -    'Multimedia Technologies'
'Music Vocal'    -    'Music/vocal'
'Music/vocal'    -    'Music Vocal'
'Nanoscience and Materials'    -    'Nanosciences and Materials'
'Nanosciences and Materials'    -    'Nanoscience and Materials'
'Natural Product'    -    'Natural Products'
'Natural Product Chemistry'    -    'Natural Products Chemistry'
'Natural Products'    -    'Natural Product'
'Natural Products Chemistry'    -    'Natural Product Chemistry'
'Natural Resource Management'    -    'Natural Resources Management'
'Natural Resources Management'    -    'Natural Resource Management'
'Natural Science'    -    'Natural Sciences'
'Natural Sciences'    -    'Natural Science'
'naval Architecture'    -    'Naval Architecture'
'Naval Architecture'    -    'naval Architecture'
'Network'    -    'Networks'
'Networks'    -    'Network'
'Neuroanaesthesia'    -    'NeuroAnaesthesia'
'Neuroanaesthesia'    -    'NeuroAnaesthesia'
'Neuroanaesthesia'    -    'NeuroAnaesthesia'
'Neuroanaesthesia'    -    'NeuroAnaesthesia'
'Neuroanaesthesia'    -    'NeuroAnaesthesia'
'Neuroanaesthesia'    -    'NeuroAnaesthesia'
'NeuroAnaesthesia'    -    'Neuroanaesthesia'
'NeuroAnaesthesia'    -    'Neuroanaesthesia'
'NeuroAnaesthesia'    -    'Neuroanaesthesia'
'NeuroAnaesthesia'    -    'Neuroanaesthesia'
'NeuroAnaesthesia'    -    'Neuroanaesthesia'
'NeuroAnaesthesia'    -    'Neuroanaesthesia'
'Neuroanaesthesia and Neuro Critical Care'    -    'NeuroAnaesthesia and Neuro Critical Care'
'NeuroAnaesthesia and Neuro Critical Care'    -    'Neuroanaesthesia and Neuro Critical Care'
'New Technologies'    -    'New Technology'
'New Technology'    -    'New Technologies'
'Obstetric and Gynaecology'    -    'Obstetrics and Gynaecology'
'Obstetric and Gynaecology'    -    'Obstetrics and Gynaecology'
'Obstetric and Gynaecology'    -    'Obstetrics and Gynaecology'
'Obstetric and Gynaecology'    -    'Obstetrics and Gynaecology'
'Obstetric and Gynaecology'    -    'Obstetrics and Gynaecology'
'Obstetric and Gynaecology'    -    'Obstetrics and Gynaecology'
'Obstetric and Gynaecology'    -    'Obstetrics and Gynaecology'
'Obstetric and Gynaecology'    -    'Obstetrics and Gynaecology'
'Obstetric and Gynaecology'    -    'Obstetrics and Gynaecology'
'Obstetric and Gynaecology'    -    'Obstetrics and Gynaecology'
'Obstetric and Gynaecology'    -    'Obstetrics and Gynaecology'
'Obstetric and Gynaecology'    -    'Obstetrics and Gynaecology'
'Obstetric and Gynaecology'    -    'Obstetrics and Gynaecology'
'Obstetric and Gynaecology'    -    'Obstetrics and Gynaecology'
'Obstetric and Gynaecology'    -    'Obstetrics and Gynaecology'
'Obstetric and Gynaecology'    -    'Obstetrics and Gynaecology'
'Obstetrics and Gynaecology'    -    'Obstetric and Gynaecology'
'Obstetrics and Gynaecology'    -    'Obstetric and Gynaecology'
'Obstetrics and Gynaecology'    -    'Obstetric and Gynaecology'
'Obstetrics and Gynaecology'    -    'Obstetric and Gynaecology'
'Obstetrics and Gynaecology'    -    'Obstetric and Gynaecology'
'Obstetrics and Gynaecology'    -    'Obstetric and Gynaecology'
'Obstetrics and Gynaecology'    -    'Obstetric and Gynaecology'
'Obstetrics and Gynaecology'    -    'Obstetric and Gynaecology'
'Obstetrics and Gynaecology'    -    'Obstetric and Gynaecology'
'Obstetrics and Gynaecology'    -    'Obstetric and Gynaecology'
'Obstetrics and Gynaecology'    -    'Obstetric and Gynaecology'
'Obstetrics and Gynaecology'    -    'Obstetric and Gynaecology'
'Obstetrics and Gynaecology'    -    'Obstetric and Gynaecology'
'Obstetrics and Gynaecology'    -    'Obstetric and Gynaecology'
'Obstetrics and Gynaecology'    -    'Obstetric and Gynaecology'
'Obstetrics and Gynaecology'    -    'Obstetric and Gynaecology'
'Operation'    -    'Operations'
'Operation and BD'    -    'Operations and BD'
'Operation and Maintenance'    -    'Operations and Maintenance'
'Operation and Maintenance'    -    'Operations and Maintenance'
'Operation Centre'    -    'Operations Centre'
'Operation Management'    -    'Operations Management'
'Operation Research'    -    'Operations Research'
'Operation Research and Statistical Quality Control'    -    'Operations Research and Statistical Quality Control'
'Operation Safety'    -    'Operations Safety'
'Operations'    -    'Operation'
'Operations and BD'    -    'Operation and BD'
'Operations and Maintenance'    -    'Operation and Maintenance'
'Operations and Maintenance'    -    'Operation and Maintenance'
'Operations Centre'    -    'Operation Centre'
'Operations Management'    -    'Operation Management'
'Operations Research'    -    'Operation Research'
'Operations Research and Statistical Quality Control'    -    'Operation Research and Statistical Quality Control'
'Operations Safety'    -    'Operation Safety'
'Organizational Behavior and Human Resource Management'    -    'Organizational Behavior and Human Resources Management'
'Organizational Behavior and Human Resources Management'    -    'Organizational Behavior and Human Resource Management'
'Painter (General)'    -    'Painter General'
'Painter General'    -    'Painter (General)'
'Peace and Conflict studies and Management'    -    'Peace and Conflict Studies and Management'
'Peace and Conflict Studies and Management'    -    'Peace and Conflict studies and Management'
'Pediatric'    -    'Pediatrics'
'Pediatrics'    -    'Pediatric'
'Perfumery and Flavour Technology'    -    'Perfumery and Flavours Technology'
'Perfumery and Flavours Technology'    -    'Perfumery and Flavour Technology'
'Petrochemical'    -    'Petrochemicals'
'Petrochemical'    -    'Petrochemicals'
'Petrochemicals'    -    'Petrochemical'
'Petrochemicals'    -    'Petrochemical'
'Pharmaceutical Science'    -    'Pharmaceutical Sciences'
'Pharmaceutical Science'    -    'Pharmaceutical Sciences'
'Pharmaceutical Science and Technology'    -    'Pharmaceutical Sciences and Technology'
'Pharmaceutical Science and Technology'    -    'Pharmaceutical Sciences and Technology'
'Pharmaceutical Sciences'    -    'Pharmaceutical Science'
'Pharmaceutical Sciences'    -    'Pharmaceutical Science'
'Pharmaceutical Sciences and Technology'    -    'Pharmaceutical Science and Technology'
'Pharmaceutical Sciences and Technology'    -    'Pharmaceutical Science and Technology'
'Physic'    -    'Physics'
'Physic'    -    'Physics'
'Physical Medicine and Rehabilitation'    -    'physical Medicine and Rehabilitation'
'physical Medicine and Rehabilitation'    -    'Physical Medicine and Rehabilitation'
'physical Medicine and Rehabilitation'    -    'Physical Medicine and Rehabilitation'
'physical Medicine and Rehabilitation'    -    'Physical Medicine and Rehabilitation'
'physical Medicine and Rehabilitation'    -    'Physical Medicine and Rehabilitation'
'physical Medicine and Rehabilitation'    -    'Physical Medicine and Rehabilitation'
'Physical Medicine and Rehabilitation'    -    'physical Medicine and Rehabilitation'
'Physical Medicine and Rehabilitation'    -    'physical Medicine and Rehabilitation'
'Physical Medicine and Rehabilitation'    -    'physical Medicine and Rehabilitation'
'Physical Medicine and Rehabilitation'    -    'physical Medicine and Rehabilitation'
'Physics'    -    'Physic'
'Physics'    -    'Physic'
'Placement'    -    'Placements'
'Placements'    -    'Placement'
'Planning Monitoring and Evaluation'    -    'Planning, Monitoring and Evaluation'
'Planning, Monitoring and Evaluation'    -    'Planning Monitoring and Evaluation'
'Plantation Spices Medicinal and Aromatic Crops'    -    'Plantation Spices, Medicinal and Aromatic Crops'
'Plantation Spices Medicinal and Aromatic Crops'    -    'Plantation, Spices, Medicinal and Aromatic Crops'
'Plantation Spices, Medicinal and Aromatic Crops'    -    'Plantation Spices Medicinal and Aromatic Crops'
'Plantation Spices, Medicinal and Aromatic Crops'    -    'Plantation, Spices, Medicinal and Aromatic Crops'
'Plantation, Spices, Medicinal and Aromatic Crops'    -    'Plantation Spices Medicinal and Aromatic Crops'
'Plantation, Spices, Medicinal and Aromatic Crops'    -    'Plantation Spices, Medicinal and Aromatic Crops'
'Plastic Engineering'    -    'Plastics Engineering'
'Plastic Processing'    -    'Plastics Processing'
'Plastic Surgery'    -    'Plastics Surgery'
'Plastic Surgery'    -    'Plastics Surgery'
'Plastic Surgery'    -    'Plastics Surgery'
'Plastic Technologies'    -    'Plastic Technology'
'Plastic Technologies'    -    'Plastics Technology'
'Plastic Technology'    -    'Plastic Technologies'
'Plastic Technology'    -    'Plastics Technology'
'Plastics Engineering'    -    'Plastic Engineering'
'Plastics Processing'    -    'Plastic Processing'
'Plastics Surgery'    -    'Plastic Surgery'
'Plastics Surgery'    -    'Plastic Surgery'
'Plastics Surgery'    -    'Plastic Surgery'
'Plastics Technology'    -    'Plastic Technologies'
'Plastics Technology'    -    'Plastic Technology'
'Plumber'    -    'Plumbers'
'Plumbers'    -    'Plumber'
'Power and Energy System'    -    'Power and Energy Systems'
'Power and Energy Systems'    -    'Power and Energy System'
'Power System'    -    'Power Systems'
'Power Systems'    -    'Power System'
'Production and Industrial Engineering'    -    'Production and industrial Engineering'
'Production and Industrial Engineering'    -    'Production and industrial Engineering'
'Production and industrial Engineering'    -    'Production and Industrial Engineering'
'Production and industrial Engineering'    -    'Production and Industrial Engineering'
'Production and industrial Engineering'    -    'Production and Industrial Engineering'
'Production and Industrial Engineering'    -    'Production and industrial Engineering'
'Program'    -    'Programs'
'Programming and System Administration Assistant'    -    'Programming and Systems Administration Assistant'
'Programming and System Administration Assistant'    -    'Programming and Systems Administration Assistant'
'Programming and Systems Administration Assistant'    -    'Programming and System Administration Assistant'
'Programming and Systems Administration Assistant'    -    'Programming and System Administration Assistant'
'Programs'    -    'Program'
'Project'    -    'Projects'
'Project and Planning'    -    'Projects and Planning'
'Projects'    -    'Project'
'Projects and Planning'    -    'Project and Planning'
'Public	Health Policy and Planning'    -    'Public Health Policy and Planning'
'Public	Health Policy and Planning'    -    'Public Health Policy and Planning'
'Public Health Policy and Planning'    -    'Public	Health Policy and Planning'
'Public Health Policy and Planning'    -    'Public	Health Policy and Planning'
'Public Relation'    -    'Public Relations'
'Public Relations'    -    'Public Relation'
'Railway'    -    'Railways'
'Railways'    -    'Railway'
'Refineries'    -    'Refinery'
'Refinery'    -    'Refineries'
'REFRIGERATION and AC'    -    'Refrigeration and AC'
'Refrigeration and AC'    -    'REFRIGERATION and AC'
'Research Project'    -    'Research Projects'
'Research Projects'    -    'Research Project'
'Resource Management and Consumer Science'    -    'Resource Management and Consumer Sciences'
'Resource Management and Consumer Sciences'    -    'Resource Management and Consumer Science'
'Retail Management'    -    'Retails Management'
'Retail Management'    -    'Retails Management'
'Retails Management'    -    'Retail Management'
'Retails Management'    -    'Retail Management'
'Road'    -    'Roads'
'Roads'    -    'Road'
'Ropeway'    -    'Ropeways'
'Ropeways'    -    'Ropeway'
'Safety Health and Environment'    -    'Safety, Health and Environment'
'Safety, Health and Environment'    -    'Safety Health and Environment'
'Sale'    -    'Sales'
'sale and Marketing'    -    'Sales and Marketing'
'sale and Marketing'    -    'Sales and Marketing'
'Sales'    -    'Sale'
'Sales and Marketing'    -    'sale and Marketing'
'Sales and Marketing'    -    'sale and Marketing'
'Science'    -    'Sciences'
'Science'    -    'Sciences,'
'Science and Maths'    -    'Sciences and Maths'
'Science and Technology'    -    'Sciences and Technology'
'Science and Technology'    -    'Sciences and Technology'
'Sciences'    -    'Science'
'Sciences'    -    'Sciences,'
'Sciences and Maths'    -    'Science and Maths'
'Sciences and Technology'    -    'Science and Technology'
'Sciences and Technology'    -    'Science and Technology'
'Sciences,'    -    'Science'
'Sciences,'    -    'Sciences'
'Seamanship and Navigation'    -    'Seamanship and navigation'
'Seamanship and navigation'    -    'Seamanship and Navigation'
'Seed'    -    'Seeds'
'Seed Science and Technology'    -    'Seed Sciences and Technology'
'Seed Sciences and Technology'    -    'Seed Science and Technology'
'Seeds'    -    'Seed'
'SIC (Rehab)'    -    'SIC REHAB'
'SIC REHAB'    -    'SIC (Rehab)'
'Skill'    -    'Skills'
'Skills'    -    'Skill'
'Social Science'    -    'Social Sciences'
'Social Science and Humanities'    -    'Social Sciences and Humanities'
'Social Science and Humanities'    -    'Social Sciences and Humanities'
'Social Science and Humanities'    -    'Social Sciences and Humanities'
'Social Science and Humanities'    -    'Social Sciences and Humanities'
'Social Science and Humanities'    -    'Social Sciences and Humanities'
'Social Science and Humanities'    -    'Social Sciences and Humanities'
'Social Science and Management'    -    'Social Sciences and Management'
'Social Sciences'    -    'Social Science'
'Social Sciences and Humanities'    -    'Social Science and Humanities'
'Social Sciences and Humanities'    -    'Social Science and Humanities'
'Social Sciences and Humanities'    -    'Social Science and Humanities'
'Social Sciences and Humanities'    -    'Social Science and Humanities'
'Social Sciences and Humanities'    -    'Social Science and Humanities'
'Social Sciences and Humanities'    -    'Social Science and Humanities'
'Social Sciences and Management'    -    'Social Science and Management'
'Social Studies'    -    'Social Study'
'Social Study'    -    'Social Studies'
'Social Work'    -    'Social work'
'Social Work'    -    'Social Works'
'Social work'    -    'Social Work'
'Social work'    -    'Social Works'
'Social Works'    -    'Social Work'
'Social Works'    -    'Social work'
'Software Developer'    -    'Software Developer-'
'Software Developer-'    -    'Software Developer'
'Soil and Water conservation Engineering'    -    'Soil and Water Conservation Engineering'
'Soil and Water Conservation Engineering'    -    'Soil and Water conservation Engineering'
'Soil Science and Agriculture Chemistry'    -    'Soil Sciences and Agriculture Chemistry'
'Soil Science and Agriculture Chemistry'    -    'Soil Sciences and Agriculture Chemistry'
'Soil Sciences and Agriculture Chemistry'    -    'Soil Science and Agriculture Chemistry'
'Soil Sciences and Agriculture Chemistry'    -    'Soil Science and Agriculture Chemistry'
'Sowa Rigpa'    -    'Sowa- Rigpa'
'Sowa- Rigpa'    -    'Sowa Rigpa'
'Sport and Physical Education'    -    'Sports and Physical Education'
'Sport and Physical Education'    -    'Sports and Physical Education'
'Sports and Physical Education'    -    'Sport and Physical Education'
'Sports and Physical Education'    -    'Sport and Physical Education'
'Standard and Specifications'    -    'Standards and Specifications'
'Standards and Specifications'    -    'Standard and Specifications'
'Statistic'    -    'Statistics'
'Statistical Science'    -    'Statistical Sciences'
'Statistical Sciences'    -    'Statistical Science'
'Statistics'    -    'Statistic'
'Stenographer Secretarial Assistant'    -    'Stenographer/ Secretarial Assistant'
'Stenographer Secretarial Assistant'    -    'Stenographer/ Secretarial Assistant'
'Stenographer Secretarial Assistant'    -    'Stenographer/ Secretarial Assistant'
'Stenographer Secretarial Assistant'    -    'Stenographer/ Secretarial Assistant'
'Stenographer/ Secretarial Assistant'    -    'Stenographer Secretarial Assistant'
'Stenographer/ Secretarial Assistant'    -    'Stenographer Secretarial Assistant'
'Stenographer/ Secretarial Assistant'    -    'Stenographer Secretarial Assistant'
'Stenographer/ Secretarial Assistant'    -    'Stenographer Secretarial Assistant'
'Store'    -    'Stores'
'Store and Procurement'    -    'Stores and Procurement'
'Store and Purchase'    -    'Stores and Purchase'
'Store and Purchase'    -    'Stores and Purchase'
'Store Raw Material'    -    'Store-Raw-Material'
'Store-Raw-Material'    -    'Store Raw Material'
'Stores'    -    'Store'
'Stores and Procurement'    -    'Store and Procurement'
'Stores and Purchase'    -    'Store and Purchase'
'Stores and Purchase'    -    'Store and Purchase'
'Student Affairs'    -    'Students Affairs'
'Students Affairs'    -    'Student Affairs'
'Support Service'    -    'Support Services'
'Support Services'    -    'Support Service'
'System'    -    'Systems'
'System Administrator Window'    -    'System Administrator Windows'
'System Administrator Windows'    -    'System Administrator Window'
'Systems'    -    'System'
'Tb and Chest'    -    'TB and Chest'
'Tb and Chest'    -    'TB and Chest'
'TB and Chest'    -    'Tb and Chest'
'TB and Chest'    -    'Tb and Chest'
'Technical (Bailey Bridge)'    -    'Technical Bailey Bridge'
'Technical Bailey Bridge'    -    'Technical (Bailey Bridge)'
'Technical Service'    -    'Technical Services'
'Technical Services'    -    'Technical Service'
'TechnoLogy'    -    'Technology'
'Technology'    -    'TechnoLogy'
'Telecommunication'    -    'TeleCommunication'
'Telecommunication'    -    'TeleCommunication'
'TeleCommunication'    -    'Telecommunication'
'TeleCommunication'    -    'Telecommunication'
'Textile'    -    'Textiles'
'Textile and Apparel Designing'    -    'Textiles and Apparel Designing'
'Textile and Apparel Designing'    -    'Textiles and Apparel Designing'
'Textile and Clothing'    -    'Textiles and Clothing'
'Textiles'    -    'Textile'
'Textiles and Apparel Designing'    -    'Textile and Apparel Designing'
'Textiles and Apparel Designing'    -    'Textile and Apparel Designing'
'Textiles and Clothing'    -    'Textile and Clothing'
'Tool Maker'    -    'Tool makers'
'Tool makers'    -    'Tool Maker'
'Tourism	and	Travel	Management'    -    'Tourism and Travel	Management'
'Tourism	and	Travel	Management'    -    'Tourism and Travel Management'
'Tourism and Travel	Management'    -    'Tourism	and	Travel	Management'
'Tourism and Travel	Management'    -    'Tourism and Travel Management'
'Tourism and Travel Management'    -    'Tourism	and	Travel	Management'
'Tourism and Travel Management'    -    'Tourism and Travel	Management'
'Tradesman'    -    'Tradesmen'
'Tradesmen'    -    'Tradesman'
'Transport Planning and Logistic Management'    -    'Transport Planning and Logistics Management'
'Transport Planning and Logistics Management'    -    'Transport Planning and Logistic Management'
'Tuberculosis and chest'    -    'Tuberculosis and Chest'
'Tuberculosis and Chest'    -    'Tuberculosis and chest'
'Utilities'    -    'Utility'
'Utility'    -    'Utilities'
'Veterinary Science'    -    'Veterinary Sciences'
'Veterinary Sciences'    -    'Veterinary Science'
'Water Resource and Hydraulic Engineering'    -    'Water Resources and Hydraulic Engineering'
'Water Resource Engineering'    -    'Water Resources Engineering'
'Water Resource Engineering'    -    'Water Resources Engineering'
'Water Resources and Hydraulic Engineering'    -    'Water Resource and Hydraulic Engineering'
'Water Resources Engineering'    -    'Water Resource Engineering'
'Water Resources Engineering'    -    'Water Resource Engineering'
'Weapon'    -    'Weapons'
'Weapons'    -    'Weapon'
'Web Technologies'    -    'Web Technology'
'Web Technology'    -    'Web Technologies'
'Winch Operation'    -    'Winch Operations'
'Winch Operations'    -    'Winch Operation'
'Wireman'    -    'Wiremen'
'Wiremen'    -    'Wireman'
'Wood Work'    -    'Wood Works'
'Wood Works'    -    'Wood Work'
'Work'    -    'Works'
'Works'    -    'Work'
