'B.Ed'    -    'B.Ed.'
'B.Ed.'    -    'B.Ed'
'Bachelor in Audiology and Speech Language Pathology'    -    'Bachelors in Audiology and Speech Language Pathology'
'Bachelor in Audiology and Speech Language Pathology'    -    'Bachelors in Audiology and Speech Language Pathology'
'Bachelor in Computer Application'    -    'Bachelors in Computer Application'
'Bachelor of Arts - Bachelor of Legislative Law'    -    'Bachelor of Arts-Bachelor of Legislative Law'
'Bachelor of Arts Bachelor of Education'    -    'Bachelor of Arts-Bachelor of Education'
'Bachelor of Arts-Bachelor of Education'    -    'Bachelor of Arts Bachelor of Education'
'Bachelor of Arts-Bachelor of Legislative Law'    -    'Bachelor of Arts - Bachelor of Legislative Law'
'Bachelor in Audiology and Speech Language Pathology'    -    'Bachelors in Audiology and Speech Language Pathology'
'Bachelor in Audiology and Speech Language Pathology'    -    'Bachelors in Audiology and Speech Language Pathology'
'Bachelor of Business Administration'    -    'Bachelors of Business Administration'
'Bachelor of Commerce Bachelor of Education'    -    'Bachelor of Commerce-Bachelor of Education'
'Bachelor of Commerce-Bachelor of Education'    -    'Bachelor of Commerce Bachelor of Education'
'Bachelor of Education'    -    'Bachelors of Education'
'Bachelor of Fine Arts'    -    'Bachelors of Fine Arts'
'Bachelor of Hotel Management'    -    'Bachelors of Hotel Management'
'Bachelor of Medicine Bachelor of Surgery'    -    'Bachelor of Medicine, Bachelor of Surgery'
'Bachelor of Medicine, Bachelor of Surgery'    -    'Bachelor of Medicine Bachelor of Surgery'
'Bachelor of Occupational Therapy'    -    'Bachelors of Occupational Therapy'
'Bachelor of Performing Arts'    -    'Bachelors of Performing Arts'
'Bachelor of Physiotherapy'    -    'Bachelors of Physiotherapy'
'Bachelor of Prosthetics and Orthotics'    -    'Bachelors of Prosthetics and Orthotics'
'Bachelor of Prosthetics and Orthotics'    -    'Bachelors of Prosthetics and Orthotics'
'Bachelor of Technology'    -    'Bachelors of Technology'
'Bachelor of Technology'    -    'Bachelors of Technology'
'Bachelor of Technology (Lateral Entry)'    -    'Bachelor of Technology Lateral Entry'
'Bachelor of Technology Lateral Entry'    -    'Bachelor of Technology (Lateral Entry)'
'Bachelor of Visual Arts'    -    'Bachelors of Visual Arts'
'Bachelors in Audiology and Speech Language Pathology'    -    'Bachelor in Audiology and Speech Language Pathology'
'Bachelors in Audiology and Speech Language Pathology'    -    'Bachelor in Audiology and Speech Language Pathology'
'Bachelors in Audiology and Speech Language Pathology'    -    'Bachelor in Audiology and Speech Language Pathology'
'Bachelors in Audiology and Speech Language Pathology'    -    'Bachelor in Audiology and Speech Language Pathology'
'Bachelors in Computer Application'    -    'Bachelor in Computer Application'
'Bachelors of Business Administration'    -    'Bachelor of Business Administration'
'Bachelors of Education'    -    'Bachelor of Education'
'Bachelors of Fine Arts'    -    'Bachelor of Fine Arts'
'Bachelors of Hotel Management'    -    'Bachelor of Hotel Management'
'Bachelors of Occupational Therapy'    -    'Bachelor of Occupational Therapy'
'Bachelors of Performing Arts'    -    'Bachelor of Performing Arts'
'Bachelors of Physiotherapy'    -    'Bachelor of Physiotherapy'
'Bachelors of Prosthetics and Orthotics'    -    'Bachelor of Prosthetics and Orthotics'
'Bachelors of Prosthetics and Orthotics'    -    'Bachelor of Prosthetics and Orthotics'
'Bachelors of Technology'    -    'Bachelor of Technology'
'Bachelors of Technology'    -    'Bachelor of Technology'
'Bachelors of Visual Arts'    -    'Bachelor of Visual Arts'
'Certificate Course'    -    'Certificate Courses'
'Certificate Courses'    -    'Certificate Course'
'Entrepreneurship Development Programme On Solar Energy'    -    'Entrepreneurship Development Programme on Solar Energy'
'Entrepreneurship Development Programme on Solar Energy'    -    'Entrepreneurship Development Programme On Solar Energy'
'F.N.S.I in Fermentation Technology'    -    'F.N.S.I. in Fermentation technology'
'F.N.S.I in Sugar Engineering'    -    'F.N.S.I. in Sugar Engineering'
'F.N.S.I. in Fermentation technology'    -    'F.N.S.I in Fermentation Technology'
'F.N.S.I. in Sugar Engineering'    -    'F.N.S.I in Sugar Engineering'
'Integrated Master Degree'    -    'Integrated Masters Degree'
'Integrated Masters Degree'    -    'Integrated Master Degree'
'M.Sc'    -    'M.Sc.'
'M.Sc.'    -    'M.Sc'
'Master in Business Administration'    -    'Masters in Business Administration'
'Master in Computer Application'    -    'Masters in Computer Application'
'Master in Medical Laboratory Sciences'    -    'Masters in Medical Laboratory Science'
'Master in Public Health'    -    'Masters in Public Health'
'Master in Social Work'    -    'Masters in Social Work'
'Master in Technology'    -    'Masters in Technology'
'Master of Arts'    -    'Masters of Arts'
'Master of Arts'    -    'Masters of Arts'
'Master of Business Administration'    -    'Masters of Business Administration'
'Master of Business Administration'    -    'Masters of Business Administration'
'Master of Commerce'    -    'Masters of Commerce'
'Master in Computer Application'    -    'Masters in Computer Application'
'Master in Computer Application'    -    'Masters in Computer Application'
'Master of Dental Surgery'    -    'Masters of Dental Surgery'
'Master of Education'    -    'Masters of Education'
'Master of Fisheries Science'    -    'Masters of Fisheries Science'
'Master of Fisheries Science'    -    'Masters of Fisheries Science'
'Master of Pharmacy'    -    'Masters of Pharmacy'
'Master of Physical Education'    -    'MASTERS OF PHYSICAL EDUCATION'
'Master of Public Administration'    -    'Masters of Public Administration'
'Master of Science'    -    'Masters of Science'
'Master of Science'    -    'Masters of Science'
'Master of Science'    -    'Masters of Science'
'Master of Sports Science'    -    'Masters of Sports Science'
'Master of Technology'    -    'Masters of Technology'
'Master of Tourism and Travel Management'    -    'Masters of Tourism and Travel Management'
'Master of Veterinary Science'    -    'Masters of Veterinary Science'
'Master of Veterinary Science'    -    'Masters of Veterinary Science'
'Masters in Business Administration'    -    'Master in Business Administration'
'Masters in Computer Application'    -    'Master in Computer Application'
'Masters in Computer Application'    -    'Master in Computer Application'
'Masters in Computer Application'    -    'Master in Computer Application'
'Masters in Medical Laboratory Science'    -    'Master in Medical Laboratory Sciences'
'Masters in Public Health'    -    'Master in Public Health'
'Masters in Social Work'    -    'Master in Social Work'
'Masters in Technology'    -    'Master in Technology'
'Masters of Arts'    -    'Master of Arts'
'Masters of Arts'    -    'Master of Arts'
'Masters of Business Administration'    -    'Master of Business Administration'
'Masters of Business Administration'    -    'Master of Business Administration'
'Masters of Commerce'    -    'Master of Commerce'
'Masters of Dental Surgery'    -    'Master of Dental Surgery'
'Masters of Education'    -    'Master of Education'
'Masters of Fisheries Science'    -    'Master of Fisheries Science'
'Masters of Fisheries Science'    -    'Master of Fisheries Science'
'Masters of Pharmacy'    -    'Master of Pharmacy'
'MASTERS OF PHYSICAL EDUCATION'    -    'Master of Physical Education'
'Masters of Public Administration'    -    'Master of Public Administration'
'Masters of Science'    -    'Master of Science'
'Masters of Science'    -    'Master of Science'
'Masters of Science'    -    'Master of Science'
'Masters of Sports Science'    -    'Master of Sports Science'
'Masters of Technology'    -    'Master of Technology'
'Masters of Tourism and Travel Management'    -    'Master of Tourism and Travel Management'
'Masters of Veterinary Science'    -    'Master of Veterinary Science'
'Masters of Veterinary Science'    -    'Master of Veterinary Science'
'O Level'    -    'O level'
'O Level'    -    'O level'
'O Level'    -    'O level'
'O Level'    -    'O level'
'O level'    -    'O Level'
'O level'    -    'O Level'
'O level'    -    'O Level'
'O level'    -    'O Level'
'P. G. Diploma Course in Industrial Fermentation and Alcohol Technology'    -    'P.G. Diploma Course in Industrial Fermentation and Alcohol Technology'
'P. G. Diploma Course in Industrial Fermentation and Alcohol Technology'    -    'P.G. Diploma Course in Industrial Fermentation and Alcohol Technology'
'P. G. Diploma Course in Quality Control and Environmental Science'    -    'P.G. Diploma Course in Quality Control and Environmental Science'
'P.G. Diploma Course in Industrial Fermentation and Alcohol Technology'    -    'P. G. Diploma Course in Industrial Fermentation and Alcohol Technology'
'P.G. Diploma Course in Industrial Fermentation and Alcohol Technology'    -    'P. G. Diploma Course in Industrial Fermentation and Alcohol Technology'
'P.G. Diploma Course in Quality Control and Environmental Science'    -    'P. G. Diploma Course in Quality Control and Environmental Science'
'Ph.D Programme'    -    'Ph.D. Programme'
'Ph.D Programme'    -    'Ph.D. Programme'
'Ph.D Programme'    -    'Ph.D. Programmes'
'Ph.D. Programme'    -    'Ph.D Programme'
'Ph.D. Programme'    -    'Ph.D. Programmes'
'Ph.D. Programme'    -    'Ph.D Programme'
'Ph.D. Programme'    -    'Ph.D. Programmes'
'Ph.D. Programmes'    -    'Ph.D Programme'
'Ph.D. Programmes'    -    'Ph.D. Programme'
'Ph.D. Programmes'    -    'Ph.D. Programme'
'Postgraduate Diploma Programme'    -    'Postgraduate Diploma Programmes'
'Postgraduate Diploma Programme'    -    'Postgraduate Diploma Programmes'
'Postgraduate Diploma Programmes'    -    'Postgraduate Diploma Programme'
'Postgraduate Diploma Programmes'    -    'Postgraduate Diploma Programme'
'Postgraduate Programme'    -    'Postgraduate Programmes'
'Postgraduate Programme'    -    'Postgraduate Programmes'
'Postgraduate Programme'    -    'Postgraduate Programmes'
'Postgraduate Programme'    -    'Postgraduate Programmes'
'Postgraduate Programmes'    -    'Postgraduate Programme'
'Postgraduate Programmes'    -    'Postgraduate Programme'
'Postgraduate Programmes'    -    'Postgraduate Programme'
'Postgraduate Programmes'    -    'Postgraduate Programme'
